Alter,Einkommen,Preis,Geschlecht,Zeit,Niederlassung,Kauf
64,66894.0,88160.31,1.0,43.0,Bayern,1
54,77644.0,103145.7,1.0,40.0,Berlin,1
55,44341.0,80565.16,0.0,37.0,Baden-Württemberg,1
49,67271.0,83949.89,0.0,42.0,Bayern,1
46,49832.0,93781.58,0.0,41.0,Hessen,1
59,62970.0,83862.47,1.0,56.0,Hessen,1
36,23660.0,49960.18,1.0,23.0,Thüringen,1
50,62422.0,94530.65,1.0,38.0,Thüringen,1
32,34112.0,62280.35,1.0,36.0,Bayern,1
62,77546.0,124857.23,1.0,52.0,Baden-Württemberg,1
68,77662.0,118227.18,1.0,54.0,Thüringen,1
45,68432.0,82849.76,0.0,39.0,Berlin,1
51,37169.0,57319.84,0.0,31.0,Sachsen,1
65,78613.0,114603.28,1.0,50.0,Baden-Württemberg,1
53,69721.0,98479.34,1.0,54.0,Hessen,1
62,62350.0,84761.44,1.0,42.0,Hessen,1
34,57844.0,62302.49,1.0,54.0,Nordrhein-Westfalen,1
55,44222.0,78218.77,1.0,37.0,Bayern,1
53,74381.0,120881.72,0.0,57.0,Nordrhein-Westfalen,1
57,45095.0,77157.15,0.0,42.0,Baden-Württemberg,1
43,52813.0,67106.32,0.0,44.0,Berlin,1
46,49340.0,69960.66,0.0,47.0,Nordrhein-Westfalen,1
62,89774.0,117051.99,1.0,72.0,Sachsen,1
55,66861.0,97465.12,0.0,54.0,Bayern,1
66,84822.0,118968.62,0.0,56.0,Hessen,1
59,91693.0,121840.18,1.0,52.0,Bayern,1
67,61517.0,80799.11,0.0,43.0,Niedersachsen,1
66,78548.0,121289.35,0.0,69.0,Sachsen,1
40,61386.0,81555.07,0.0,53.0,Niedersachsen,1
41,45016.0,65106.71,0.0,39.0,Niedersachsen,1
30,39302.0,71437.17,1.0,35.0,Baden-Württemberg,1
65,83431.0,119640.51,1.0,65.0,Baden-Württemberg,1
48,46259.0,73400.97,1.0,29.0,Baden-Württemberg,1
53,56160.0,93839.56,1.0,38.0,Nordrhein-Westfalen,1
37,47689.0,73619.96,0.0,20.0,Hessen,1
55,56264.0,83364.29,1.0,40.0,Baden-Württemberg,1
34,27844.0,41694.48,0.0,36.0,Bayern,1
43,72619.0,94619.66,1.0,56.0,Berlin,1
57,51842.0,70527.14,0.0,51.0,Sachsen,1
39,16051.0,24654.09,0.0,29.0,Hamburg,1
55,63325.0,89117.31,0.0,46.0,Berlin,1
58,64638.0,98621.47,1.0,46.0,Bayern,1
44,54514.0,80645.05,1.0,53.0,Hessen,1
39,44538.0,74086.48,0.0,40.0,Bayern,1
65,96471.0,145684.18,1.0,55.0,Nordrhein-Westfalen,1
36,35235.0,67764.25,1.0,22.0,Nordrhein-Westfalen,1
36,41489.0,63321.68,1.0,47.0,Baden-Württemberg,1
70,77553.0,119128.85,1.0,58.0,Bayern,1
62,62829.0,96175.78,1.0,42.0,Baden-Württemberg,1
50,67714.0,90616.13,0.0,55.0,Hessen,1
69,73444.0,115561.62,1.0,47.0,Niedersachsen,1
52,49778.0,72763.75,1.0,44.0,Thüringen,1
46,61088.0,117616.31,1.0,48.0,Berlin,1
40,61057.0,77084.28,0.0,47.0,Baden-Württemberg,1
35,52067.0,67345.58,1.0,44.0,Berlin,1
58,64180.0,98148.01,1.0,51.0,Baden-Württemberg,1
41,39630.0,80659.67,1.0,41.0,Bayern,1
46,67665.0,83620.57,0.0,50.0,Berlin,1
40,43103.0,77219.0,0.0,33.0,Berlin,1
35,39813.0,60757.87,0.0,31.0,Niedersachsen,1
40,45448.0,70066.79,0.0,40.0,Baden-Württemberg,1
61,90246.0,111436.45,0.0,61.0,Bayern,1
65,60323.0,90362.92,1.0,47.0,Niedersachsen,1
57,70535.0,88743.79,1.0,46.0,Nordrhein-Westfalen,1
64,76331.0,108153.91,1.0,52.0,Baden-Württemberg,1
53,57988.0,114801.87,1.0,45.0,Nordrhein-Westfalen,1
35,58838.0,81539.66,1.0,47.0,Sachsen,1
68,89783.0,138190.26,1.0,73.0,Baden-Württemberg,1
64,69256.0,110341.3,1.0,47.0,Berlin,1
46,47284.0,62114.5,0.0,46.0,Niedersachsen,1
66,63799.0,109159.01,1.0,48.0,Brandenburg,1
40,47192.0,72220.0,0.0,48.0,Sachsen,1
41,42992.0,65811.72,1.0,38.0,Bayern,1
37,45503.0,50836.91,1.0,35.0,Nordrhein-Westfalen,1
51,66908.0,93021.39,1.0,65.0,Bayern,1
38,34983.0,39236.62,0.0,33.0,Hamburg,1
43,38995.0,61300.12,1.0,43.0,Nordrhein-Westfalen,1
64,60640.0,92602.45,1.0,46.0,Baden-Württemberg,1
46,62061.0,105588.24,1.0,43.0,Nordrhein-Westfalen,1
55,63152.0,101027.77,1.0,46.0,Niedersachsen,1
63,65114.0,102718.58,1.0,47.0,Berlin,1
31,45575.0,67425.51,1.0,41.0,Bayern,1
39,48855.0,68265.8,1.0,46.0,Hessen,1
68,84070.0,122645.18,1.0,63.0,Brandenburg,1
68,83899.0,128052.56,0.0,59.0,Berlin,1
55,81244.0,108119.52,1.0,58.0,Hamburg,1
44,40928.0,68349.12,0.0,36.0,Niedersachsen,1
53,30821.0,58450.55,1.0,26.0,Nordrhein-Westfalen,1
33,46732.0,78942.39,1.0,37.0,Berlin,1
61,59597.0,104647.51,0.0,47.0,Baden-Württemberg,1
53,63147.0,105317.06,1.0,47.0,Hamburg,1
31,30572.0,47857.93,0.0,31.0,Thüringen,1
31,24944.0,31094.22,1.0,35.0,Hessen,1
57,37682.0,48170.28,0.0,45.0,Berlin,1
42,68945.0,88842.18,1.0,49.0,Berlin,1
49,32964.0,49823.49,0.0,29.0,Bayern,1
37,55505.0,61612.78,1.0,39.0,Berlin,1
40,50626.0,75452.53,1.0,40.0,Sachsen,1
43,45517.0,63320.19,0.0,33.0,Hessen,1
60,60569.0,89849.34,0.0,52.0,Brandenburg,1
68,94307.0,139799.0,0.0,56.0,Berlin,1
46,50946.0,83406.88,0.0,32.0,Nordrhein-Westfalen,1
63,92456.0,141292.39,0.0,57.0,Bayern,1
69,80400.0,120052.16,0.0,54.0,Berlin,1
50,55477.0,88889.58,1.0,46.0,Hamburg,1
35,25203.0,48554.06,1.0,37.0,Brandenburg,1
49,34170.0,53806.21,0.0,30.0,Hessen,1
35,53806.0,84195.58,1.0,45.0,Berlin,1
50,35262.0,55722.36,0.0,25.0,Berlin,1
55,79794.0,118498.73,1.0,54.0,Hessen,1
62,72626.0,109158.35,1.0,59.0,Baden-Württemberg,1
68,77118.0,83418.33,1.0,47.0,Berlin,1
47,56965.0,86689.81,0.0,41.0,Niedersachsen,1
48,67923.0,104683.62,0.0,41.0,Sachsen,1
63,55422.0,81784.14,0.0,40.0,Sachsen,1
50,64086.0,92285.2,1.0,34.0,Sachsen,1
51,72996.0,124497.54,0.0,50.0,Bayern,1
34,25970.0,45444.01,0.0,33.0,Bayern,1
30,42551.0,58706.65,1.0,46.0,Niedersachsen,1
58,73890.0,100147.52,0.0,48.0,Sachsen,1
39,59413.0,80369.74,0.0,44.0,Baden-Württemberg,1
60,51460.0,80985.24,1.0,31.0,Sachsen,1
51,72225.0,120296.65,0.0,52.0,Nordrhein-Westfalen,1
46,65611.0,85435.92,1.0,54.0,Thüringen,1
61,57745.0,102766.17,1.0,49.0,Baden-Württemberg,1
35,38580.0,47131.37,1.0,44.0,Baden-Württemberg,1
36,55185.0,64034.01,0.0,50.0,Nordrhein-Westfalen,1
58,52599.0,88810.94,1.0,47.0,Sachsen,1
32,31090.0,59413.64,1.0,29.0,Baden-Württemberg,1
58,59695.0,99547.37,1.0,43.0,Bayern,1
66,73497.0,104863.39,1.0,47.0,Baden-Württemberg,1
49,40198.0,62115.3,1.0,52.0,Bayern,1
37,43760.0,63570.42,1.0,35.0,Hessen,1
68,70277.0,130143.33,1.0,48.0,Bayern,1
56,66786.0,108886.48,1.0,55.0,Berlin,1
47,57545.0,70459.81,1.0,45.0,Niedersachsen,1
48,47153.0,67603.44,0.0,20.0,Sachsen,1
48,30477.0,53902.36,1.0,29.0,Niedersachsen,1
36,47319.0,76696.47,0.0,43.0,Sachsen,1
36,39697.0,60883.05,0.0,48.0,Sachsen,1
40,59298.0,96941.73,1.0,40.0,Sachsen,1
35,51556.0,73467.98,1.0,46.0,Bayern,1
69,82036.0,118543.95,0.0,52.0,Berlin,1
56,69651.0,123769.4,1.0,54.0,Baden-Württemberg,1
62,62114.0,87670.86,1.0,44.0,Berlin,1
37,37168.0,55031.56,1.0,30.0,Bayern,1
31,41983.0,43660.45,1.0,50.0,Baden-Württemberg,1
36,46427.0,57408.1,1.0,28.0,Bayern,1
70,63937.0,121009.5,0.0,46.0,Hessen,1
33,23596.0,44008.34,1.0,27.0,Baden-Württemberg,1
56,67000.0,117255.91,1.0,63.0,Baden-Württemberg,1
56,57640.0,83811.43,0.0,46.0,Niedersachsen,1
65,86078.0,133381.03,0.0,68.0,Thüringen,1
55,62380.0,92302.99,0.0,64.0,Niedersachsen,1
30,49606.0,76579.11,0.0,34.0,Baden-Württemberg,1
32,50330.0,49540.28,1.0,27.0,Bayern,1
32,28303.0,57388.47,0.0,26.0,Bayern,1
64,93624.0,126237.04,1.0,55.0,Bayern,1
64,85374.0,121684.52,1.0,62.0,Baden-Württemberg,1
50,41164.0,74268.93,1.0,31.0,Nordrhein-Westfalen,1
62,80179.0,138650.02,1.0,56.0,Niedersachsen,1
43,44559.0,74144.49,1.0,22.0,Sachsen,1
32,40277.0,42093.26,1.0,34.0,Bayern,1
63,63391.0,105484.64,0.0,43.0,Berlin,1
65,77918.0,104728.1,1.0,62.0,Nordrhein-Westfalen,1
35,53464.0,82821.95,1.0,41.0,Bayern,1
65,58549.0,97388.62,1.0,38.0,Baden-Württemberg,1
34,55070.0,67139.29,0.0,46.0,Berlin,1
60,70296.0,94507.15,1.0,46.0,Niedersachsen,1
50,70355.0,104977.17,0.0,50.0,Niedersachsen,1
51,75335.0,110590.22,0.0,50.0,Sachsen,1
47,48751.0,79984.29,1.0,43.0,Berlin,1
37,48957.0,76412.36,0.0,36.0,Bayern,1
33,35813.0,54223.32,1.0,31.0,Bayern,1
70,90763.0,149827.25,1.0,74.0,Sachsen,1
36,59150.0,63818.75,0.0,46.0,Thüringen,1
30,51957.0,86152.97,1.0,37.0,Bayern,1
66,67768.0,125157.59,1.0,54.0,Sachsen,1
58,65162.0,106934.76,1.0,56.0,Bayern,1
51,54077.0,77842.13,1.0,48.0,Berlin,1
55,68245.0,112358.24,0.0,52.0,Baden-Württemberg,1
60,68926.0,91715.99,1.0,39.0,Bayern,1
67,87538.0,120582.75,1.0,53.0,Berlin,1
44,57008.0,77339.83,0.0,43.0,Thüringen,1
68,62116.0,98786.45,0.0,44.0,Hamburg,1
63,85695.0,114451.46,1.0,61.0,Brandenburg,1
61,65117.0,102799.87,0.0,49.0,Bayern,1
69,63958.0,106491.22,1.0,42.0,Nordrhein-Westfalen,1
51,64228.0,85280.73,0.0,46.0,Bayern,1
53,68587.0,94955.06,0.0,61.0,Hamburg,1
49,66068.0,93925.34,1.0,51.0,Berlin,1
61,74008.0,110730.9,1.0,62.0,Hessen,1
61,91903.0,111764.41,0.0,60.0,Sachsen,1
40,45828.0,93946.55,1.0,46.0,Niedersachsen,1
59,78591.0,121131.95,1.0,66.0,Nordrhein-Westfalen,1
49,74627.0,102198.45,1.0,65.0,Bayern,1
64,86943.0,126122.42,1.0,68.0,Thüringen,1
31,22137.0,38697.44,1.0,20.0,Nordrhein-Westfalen,1
43,70304.0,83886.2,1.0,52.0,Thüringen,1
37,31911.0,49510.98,0.0,34.0,Hessen,1
52,49657.0,89589.3,1.0,46.0,Nordrhein-Westfalen,1
45,57880.0,98898.93,0.0,44.0,Nordrhein-Westfalen,1
69,89082.0,124730.66,1.0,66.0,Nordrhein-Westfalen,1
52,59767.0,90442.28,1.0,52.0,Berlin,1
34,51868.0,87676.29,1.0,33.0,Baden-Württemberg,1
55,62186.0,90301.78,0.0,38.0,Niedersachsen,1
33,45811.0,64066.66,1.0,40.0,Berlin,1
59,66293.0,91936.18,0.0,44.0,Baden-Württemberg,1
51,65955.0,122657.88,0.0,44.0,Bayern,1
30,18515.0,41027.79,1.0,30.0,Bayern,1
49,55986.0,71207.17,1.0,37.0,Bayern,1
61,72725.0,109982.32,1.0,42.0,Baden-Württemberg,1
34,60319.0,77978.88,0.0,51.0,Niedersachsen,1
47,55536.0,76897.16,0.0,37.0,Bayern,1
62,76222.0,107580.68,1.0,56.0,Hessen,1
53,50089.0,90472.38,1.0,39.0,Bayern,1
33,38675.0,56493.4,1.0,13.0,Baden-Württemberg,1
33,35064.0,48350.07,1.0,39.0,Berlin,1
30,42861.0,74561.85,1.0,42.0,Baden-Württemberg,1
54,57917.0,94386.02,1.0,47.0,Niedersachsen,1
64,78797.0,109839.35,1.0,65.0,Bayern,1
59,59443.0,99016.21,0.0,46.0,Baden-Württemberg,1
57,56668.0,95820.3,0.0,37.0,Brandenburg,1
44,48195.0,85705.57,1.0,29.0,Hessen,1
48,44481.0,63604.43,1.0,30.0,Nordrhein-Westfalen,1
40,50097.0,73036.86,0.0,38.0,Hamburg,1
69,74462.0,110415.92,1.0,36.0,Berlin,1
69,88545.0,130019.9,1.0,58.0,Bayern,1
60,89512.0,145466.52,1.0,59.0,Nordrhein-Westfalen,1
31,37149.0,65317.0,1.0,29.0,Hamburg,1
66,77961.0,121393.97,0.0,40.0,Niedersachsen,1
31,56282.0,81611.9,0.0,43.0,Thüringen,1
61,72965.0,117298.71,0.0,52.0,Bayern,1
45,82896.0,116749.66,1.0,53.0,Thüringen,1
38,44329.0,48028.91,0.0,29.0,Hessen,1
65,80375.0,121858.27,1.0,64.0,Niedersachsen,1
30,55132.0,74760.4,0.0,55.0,Nordrhein-Westfalen,1
41,53816.0,68749.31,1.0,34.0,Baden-Württemberg,1
61,82624.0,134755.8,1.0,59.0,Berlin,1
55,75863.0,96369.11,1.0,60.0,Hessen,1
46,67111.0,93112.35,1.0,55.0,Hessen,1
57,78848.0,122846.97,1.0,59.0,Sachsen,1
68,66119.0,107741.21,0.0,59.0,Brandenburg,1
57,73224.0,94361.83,1.0,49.0,Berlin,1
35,20317.0,60372.24,0.0,24.0,Hessen,1
44,42754.0,69418.9,0.0,35.0,Berlin,1
43,33444.0,63707.22,1.0,36.0,Nordrhein-Westfalen,1
30,47328.0,72459.7,0.0,45.0,Nordrhein-Westfalen,1
63,88113.0,123910.94,1.0,72.0,Baden-Württemberg,1
54,53037.0,88479.15,1.0,44.0,Nordrhein-Westfalen,1
60,94859.0,138156.74,1.0,61.0,Hessen,1
60,66507.0,103384.25,1.0,41.0,Niedersachsen,1
65,45863.0,88037.39,0.0,47.0,Brandenburg,1
37,28037.0,37558.95,0.0,24.0,Brandenburg,1
69,89976.0,129284.1,1.0,71.0,Bayern,1
33,69142.0,107174.44,1.0,52.0,Hessen,1
66,86491.0,127825.69,1.0,59.0,Nordrhein-Westfalen,1
48,66286.0,88275.44,1.0,38.0,Niedersachsen,1
56,67292.0,90615.29,1.0,54.0,Bayern,1
52,43463.0,57784.07,1.0,26.0,Brandenburg,1
36,57337.0,95615.03,0.0,53.0,Berlin,1
53,54940.0,82628.47,1.0,45.0,Berlin,1
42,44277.0,67064.45,1.0,39.0,Nordrhein-Westfalen,1
31,38149.0,46875.9,1.0,43.0,Nordrhein-Westfalen,1
38,57891.0,73104.4,1.0,38.0,Bayern,1
44,56488.0,99913.03,1.0,39.0,Bayern,1
57,66341.0,85104.71,0.0,38.0,Nordrhein-Westfalen,1
62,79285.0,121004.55,1.0,49.0,Nordrhein-Westfalen,1
53,62592.0,93932.46,1.0,48.0,Baden-Württemberg,1
63,60374.0,92221.35,1.0,38.0,Baden-Württemberg,1
44,63671.0,102706.73,0.0,48.0,Nordrhein-Westfalen,1
68,69381.0,102303.37,1.0,45.0,Berlin,1
66,74011.0,116589.56,1.0,56.0,Baden-Württemberg,1
51,63650.0,95477.5,1.0,54.0,Baden-Württemberg,1
62,73034.0,104459.86,1.0,38.0,Thüringen,1
60,51150.0,94420.15,1.0,38.0,Baden-Württemberg,1
38,45935.0,76303.93,0.0,49.0,Brandenburg,1
39,45873.0,75731.69,1.0,47.0,Hessen,1
37,38116.0,77480.16,0.0,29.0,Nordrhein-Westfalen,1
34,52606.0,83864.29,1.0,42.0,Bayern,1
33,35069.0,43110.27,0.0,29.0,Berlin,1
43,56948.0,67634.12,1.0,35.0,Berlin,1
31,30362.0,34904.28,0.0,31.0,Niedersachsen,1
51,68806.0,98128.97,0.0,61.0,Sachsen,1
62,86770.0,112809.13,1.0,63.0,Berlin,1
63,83693.0,119357.7,1.0,70.0,Bayern,1
37,56641.0,59783.06,0.0,50.0,Bayern,1
61,60160.0,100767.22,1.0,53.0,Baden-Württemberg,1
34,46577.0,71156.2,1.0,30.0,Hessen,1
60,62903.0,125573.59,1.0,47.0,Brandenburg,1
30,34125.0,46414.4,1.0,30.0,Nordrhein-Westfalen,1
43,50963.0,76275.31,0.0,34.0,Thüringen,1
32,38008.0,59823.29,1.0,17.0,Berlin,1
41,53363.0,75926.68,1.0,38.0,Brandenburg,1
53,47966.0,73902.32,1.0,39.0,Nordrhein-Westfalen,1
32,45461.0,69182.41,1.0,36.0,Niedersachsen,1
47,55494.0,83850.57,0.0,38.0,Baden-Württemberg,1
47,55524.0,67983.37,0.0,41.0,Bayern,1
70,67872.0,114545.55,0.0,44.0,Baden-Württemberg,1
30,54381.0,83223.78,1.0,42.0,Thüringen,1
63,66597.0,83837.24,0.0,40.0,Baden-Württemberg,1
55,60489.0,105741.8,1.0,47.0,Bayern,1
42,53324.0,79456.84,1.0,38.0,Baden-Württemberg,1
60,60911.0,97769.6,0.0,52.0,Baden-Württemberg,1
62,74323.0,103270.9,1.0,46.0,Berlin,1
67,73888.0,111202.84,1.0,51.0,Baden-Württemberg,1
64,72974.0,106325.73,1.0,36.0,Thüringen,1
39,39225.0,83313.68,1.0,29.0,Niedersachsen,1
50,57036.0,95823.72,1.0,40.0,Hessen,1
44,52043.0,72895.13,1.0,42.0,Sachsen,1
62,96569.0,140745.65,0.0,80.0,Bayern,1
58,59308.0,73667.3,0.0,50.0,Hamburg,1
43,50456.0,88108.0,1.0,34.0,Bayern,1
48,61627.0,82405.97,1.0,53.0,Nordrhein-Westfalen,1
64,63436.0,95562.13,0.0,45.0,Baden-Württemberg,1
30,55391.0,61951.79,0.0,39.0,Brandenburg,1
38,54535.0,79772.26,1.0,49.0,Nordrhein-Westfalen,1
58,49680.0,77792.44,0.0,43.0,Sachsen,1
41,39800.0,79421.65,1.0,45.0,Niedersachsen,1
42,41390.0,58786.52,1.0,34.0,Hamburg,1
50,69342.0,115292.51,0.0,42.0,Niedersachsen,1
37,66398.0,101131.52,1.0,46.0,Nordrhein-Westfalen,1
42,59171.0,85183.22,1.0,52.0,Baden-Württemberg,1
41,42509.0,61738.05,0.0,37.0,Baden-Württemberg,1
34,24811.0,57541.73,1.0,12.0,Hamburg,1
69,76932.0,133380.54,1.0,48.0,Bayern,1
51,48813.0,52577.91,0.0,28.0,Sachsen,1
61,49390.0,85180.08,0.0,33.0,Thüringen,1
30,50998.0,95539.65,1.0,38.0,Baden-Württemberg,1
47,55841.0,70169.26,1.0,60.0,Baden-Württemberg,1
30,24933.0,40285.18,0.0,26.0,Hamburg,1
57,58882.0,80802.02,1.0,48.0,Berlin,1
41,49499.0,77389.91,1.0,34.0,Hamburg,1
66,82969.0,138621.96,0.0,62.0,Hessen,1
53,44034.0,69020.15,1.0,40.0,Hamburg,1
62,65422.0,113261.61,1.0,48.0,Bayern,1
56,84320.0,104544.82,1.0,62.0,Baden-Württemberg,1
53,63121.0,82460.27,0.0,49.0,Nordrhein-Westfalen,1
39,40699.0,66612.75,1.0,34.0,Niedersachsen,1
45,45230.0,91201.91,0.0,32.0,Nordrhein-Westfalen,1
47,56068.0,88529.55,1.0,52.0,Hamburg,1
70,94606.0,139830.32,1.0,58.0,Berlin,1
50,47571.0,83365.24,0.0,39.0,Baden-Württemberg,1
39,54801.0,84900.44,0.0,42.0,Baden-Württemberg,1
54,55785.0,90085.01,1.0,38.0,Berlin,1
35,32553.0,66814.09,0.0,19.0,Nordrhein-Westfalen,1
55,65084.0,104045.73,1.0,38.0,Baden-Württemberg,1
52,61228.0,81411.98,0.0,55.0,Nordrhein-Westfalen,1
59,78492.0,122336.16,1.0,56.0,Berlin,1
44,46659.0,87048.58,1.0,36.0,Bayern,1
37,48042.0,54313.59,1.0,36.0,Nordrhein-Westfalen,1
36,60066.0,78126.13,1.0,36.0,Baden-Württemberg,1
53,58050.0,78625.3,1.0,37.0,Niedersachsen,1
35,48079.0,65670.65,0.0,39.0,Niedersachsen,1
34,29899.0,45878.08,0.0,24.0,Bayern,1
61,56063.0,98148.54,1.0,44.0,Berlin,1
48,34459.0,44237.57,1.0,43.0,Hessen,1
45,47515.0,66554.21,0.0,40.0,Niedersachsen,1
61,68022.0,77134.04,1.0,67.0,Nordrhein-Westfalen,1
46,54548.0,100672.01,1.0,58.0,Nordrhein-Westfalen,1
57,65801.0,110519.86,0.0,41.0,Niedersachsen,1
36,36269.0,49092.44,0.0,37.0,Nordrhein-Westfalen,1
68,93315.0,141822.38,1.0,69.0,Baden-Württemberg,1
62,100769.0,125018.41,0.0,71.0,Niedersachsen,1
37,55129.0,73887.77,1.0,53.0,Nordrhein-Westfalen,1
66,62843.0,113812.63,1.0,53.0,Berlin,1
38,47861.0,66834.88,0.0,37.0,Hessen,1
45,46099.0,84552.86,0.0,41.0,Sachsen,1
55,64604.0,69621.64,0.0,38.0,Berlin,1
62,81002.0,115409.9,1.0,54.0,Bayern,1
45,46082.0,78379.94,0.0,34.0,Hamburg,1
58,75531.0,94646.93,1.0,50.0,Niedersachsen,1
43,37376.0,63383.29,1.0,42.0,Hessen,1
51,57821.0,93565.3,1.0,43.0,Nordrhein-Westfalen,1
46,44038.0,72625.61,1.0,34.0,Hessen,1
70,84497.0,116193.41,1.0,69.0,Baden-Württemberg,1
56,55688.0,94116.03,0.0,49.0,Nordrhein-Westfalen,1
66,65063.0,106463.24,1.0,56.0,Nordrhein-Westfalen,1
34,53286.0,57023.34,1.0,40.0,Bayern,1
57,42006.0,50508.57,0.0,32.0,Hessen,1
52,58873.0,80225.35,1.0,39.0,Bayern,1
63,73099.0,118236.17,1.0,51.0,Bayern,1
38,33873.0,56924.35,0.0,28.0,Bayern,1
43,43130.0,61803.14,0.0,35.0,Hessen,1
33,43936.0,78850.36,1.0,45.0,Berlin,1
34,39614.0,56174.25,1.0,26.0,Hessen,1
40,46710.0,77768.25,0.0,38.0,Berlin,1
30,45508.0,64916.89,1.0,38.0,Bayern,1
37,38717.0,56575.12,0.0,34.0,Bayern,1
66,98881.0,131352.24,1.0,64.0,Sachsen,1
40,43750.0,67687.0,1.0,28.0,Berlin,1
52,67475.0,93897.2,1.0,37.0,Niedersachsen,1
34,43470.0,70250.0,1.0,41.0,Nordrhein-Westfalen,1
40,39921.0,65687.09,1.0,45.0,Nordrhein-Westfalen,1
64,90952.0,116583.47,0.0,61.0,Nordrhein-Westfalen,1
38,46715.0,101650.7,1.0,50.0,Baden-Württemberg,1
54,75271.0,122250.09,1.0,60.0,Brandenburg,1
52,63079.0,100733.46,1.0,46.0,Hessen,1
48,63876.0,90833.08,1.0,51.0,Bayern,1
48,54835.0,73324.94,1.0,52.0,Brandenburg,1
49,69396.0,86666.48,0.0,52.0,Berlin,1
61,79130.0,106664.4,1.0,49.0,Thüringen,1
50,32462.0,65554.28,1.0,30.0,Brandenburg,1
55,54760.0,86038.6,0.0,45.0,Bayern,1
34,24264.0,22580.44,1.0,19.0,Berlin,1
42,52370.0,74270.35,0.0,48.0,Bayern,1
52,90021.0,124563.89,1.0,64.0,Thüringen,1
58,80881.0,102290.11,1.0,33.0,Baden-Württemberg,1
56,68794.0,108744.79,1.0,57.0,Sachsen,1
52,53837.0,64750.35,1.0,22.0,Hamburg,1
35,48208.0,78096.44,1.0,50.0,Nordrhein-Westfalen,1
31,45328.0,68156.01,0.0,39.0,Hessen,1
70,82041.0,106587.98,1.0,44.0,Baden-Württemberg,1
42,34792.0,71876.74,1.0,27.0,Niedersachsen,1
58,73853.0,97928.13,1.0,50.0,Baden-Württemberg,1
64,81163.0,124639.62,0.0,60.0,Nordrhein-Westfalen,1
69,79059.0,115211.31,0.0,53.0,Niedersachsen,1
39,39831.0,56301.97,1.0,41.0,Nordrhein-Westfalen,1
39,37905.0,61717.86,1.0,32.0,Hessen,1
52,60315.0,106359.99,1.0,40.0,Berlin,1
61,64831.0,113585.7,0.0,35.0,Hessen,1
42,63657.0,84814.32,1.0,40.0,Hessen,1
44,14547.0,28960.3,1.0,29.0,Nordrhein-Westfalen,1
51,55866.0,84704.04,0.0,35.0,Baden-Württemberg,1
55,56358.0,105656.62,0.0,49.0,Hamburg,1
30,49623.0,65451.53,1.0,42.0,Nordrhein-Westfalen,1
46,67067.0,88579.71,1.0,45.0,Thüringen,1
43,49162.0,84864.12,0.0,43.0,Thüringen,1
31,33788.0,67174.26,0.0,28.0,Nordrhein-Westfalen,1
69,87922.0,120453.26,0.0,54.0,Niedersachsen,1
33,51920.0,54310.26,0.0,38.0,Baden-Württemberg,1
37,45690.0,64971.82,1.0,34.0,Baden-Württemberg,1
61,64150.0,91908.79,0.0,47.0,Niedersachsen,1
31,19138.0,21471.65,0.0,37.0,Sachsen,1
55,79452.0,117307.67,1.0,49.0,Bayern,1
50,42001.0,69941.72,1.0,29.0,Bayern,1
49,63355.0,111931.58,1.0,45.0,Berlin,1
67,73998.0,111198.78,1.0,55.0,Berlin,1
60,61297.0,89077.09,1.0,39.0,Baden-Württemberg,1
69,75241.0,128050.39,1.0,44.0,Nordrhein-Westfalen,1
56,79198.0,85437.96,1.0,54.0,Nordrhein-Westfalen,1
41,53509.0,90805.35,0.0,37.0,Bayern,1
46,64863.0,101644.17,0.0,45.0,Nordrhein-Westfalen,1
57,76586.0,104976.08,1.0,45.0,Hamburg,1
55,68214.0,75900.15,0.0,47.0,Niedersachsen,1
66,67497.0,117195.91,1.0,55.0,Nordrhein-Westfalen,1
60,49925.0,84170.57,0.0,39.0,Bayern,1
36,48447.0,90879.99,1.0,45.0,Brandenburg,1
40,46664.0,59309.97,1.0,36.0,Hessen,1
32,43819.0,57548.45,1.0,47.0,Sachsen,1
66,88070.0,129089.55,1.0,53.0,Bayern,1
54,54712.0,92084.38,1.0,35.0,Hessen,1
40,53774.0,90227.44,1.0,37.0,Bayern,1
35,44671.0,58157.49,1.0,34.0,Baden-Württemberg,1
63,47767.0,81512.67,0.0,53.0,Hamburg,1
39,46774.0,93641.06,1.0,40.0,Nordrhein-Westfalen,1
33,52554.0,60796.8,0.0,34.0,Niedersachsen,1
58,63385.0,93077.19,0.0,41.0,Baden-Württemberg,1
49,63769.0,88665.28,1.0,41.0,Sachsen,1
39,36057.0,73098.28,1.0,32.0,Nordrhein-Westfalen,1
68,80664.0,122681.63,0.0,63.0,Baden-Württemberg,1
66,62298.0,88092.7,1.0,53.0,Thüringen,1
58,48730.0,87338.42,1.0,34.0,Baden-Württemberg,1
52,60428.0,102443.11,0.0,43.0,Berlin,1
50,53438.0,81140.06,1.0,50.0,Brandenburg,1
34,25640.0,59338.04,0.0,27.0,Hamburg,1
52,59873.0,76854.89,1.0,39.0,Niedersachsen,1
34,47144.0,76527.76,1.0,50.0,Bayern,1
69,62333.0,123546.58,0.0,32.0,Berlin,1
54,64833.0,93686.46,1.0,54.0,Bayern,1
58,68532.0,86666.09,0.0,51.0,Hamburg,1
39,35523.0,54246.76,1.0,36.0,Baden-Württemberg,1
68,89437.0,114481.9,1.0,62.0,Sachsen,1
65,73513.0,119578.06,1.0,43.0,Baden-Württemberg,1
44,51181.0,83060.06,1.0,33.0,Niedersachsen,1
52,59011.0,88150.0,1.0,45.0,Berlin,1
47,60557.0,96808.99,0.0,49.0,Nordrhein-Westfalen,1
54,43811.0,77794.39,1.0,45.0,Nordrhein-Westfalen,1
39,45332.0,77782.69,0.0,24.0,Baden-Württemberg,1
49,56231.0,67307.08,0.0,33.0,Nordrhein-Westfalen,1
62,67502.0,104564.5,1.0,43.0,Sachsen,1
58,64297.0,110338.33,1.0,56.0,Bayern,1
31,31976.0,45789.83,1.0,33.0,Nordrhein-Westfalen,1
46,46549.0,62984.61,0.0,43.0,Berlin,1
51,56496.0,78599.02,1.0,49.0,Niedersachsen,1
68,57238.0,84306.46,1.0,54.0,Berlin,1
39,28981.0,67912.67,1.0,28.0,Berlin,1
42,49536.0,62506.44,0.0,39.0,Bayern,1
56,61743.0,100812.37,1.0,41.0,Berlin,1
39,31451.0,41728.39,1.0,27.0,Sachsen,1
34,41276.0,53961.89,1.0,33.0,Sachsen,1
47,48752.0,78207.23,0.0,38.0,Bayern,1
64,63338.0,92846.99,1.0,39.0,Bayern,1
57,68664.0,118552.48,0.0,58.0,Niedersachsen,1
66,83118.0,113976.31,0.0,67.0,Sachsen,1
37,54403.0,53690.36,0.0,47.0,Brandenburg,1
48,58620.0,95311.77,1.0,52.0,Hessen,1
37,44398.0,57851.21,0.0,39.0,Brandenburg,1
53,47554.0,85424.37,1.0,37.0,Niedersachsen,1
37,42600.0,65540.55,0.0,25.0,Nordrhein-Westfalen,1
50,59505.0,78150.23,0.0,37.0,Sachsen,1
62,47766.0,91150.03,1.0,47.0,Sachsen,1
66,73170.0,109500.77,0.0,54.0,Baden-Württemberg,1
59,81225.0,111772.36,1.0,57.0,Nordrhein-Westfalen,1
42,47660.0,69281.41,0.0,46.0,Baden-Württemberg,1
56,45484.0,68018.6,1.0,35.0,Bayern,1
40,33908.0,69238.65,1.0,45.0,Bayern,1
57,65311.0,87351.94,1.0,47.0,Nordrhein-Westfalen,1
51,59485.0,96388.95,0.0,49.0,Nordrhein-Westfalen,1
41,50613.0,81875.89,1.0,35.0,Bayern,1
30,47053.0,85990.12,1.0,39.0,Bayern,1
59,69178.0,80282.57,1.0,48.0,Brandenburg,1
53,62497.0,95797.57,1.0,47.0,Bayern,1
42,58398.0,86430.54,1.0,38.0,Bayern,1
62,84681.0,115423.31,0.0,50.0,Hamburg,1
45,47574.0,87328.47,1.0,33.0,Nordrhein-Westfalen,1
41,46486.0,79483.05,1.0,40.0,Baden-Württemberg,1
46,58938.0,78516.69,1.0,57.0,Nordrhein-Westfalen,1
46,37812.0,67614.67,1.0,39.0,Nordrhein-Westfalen,1
53,70392.0,89785.65,1.0,59.0,Bayern,1
45,45742.0,83874.88,0.0,39.0,Thüringen,1
31,39454.0,65981.74,1.0,39.0,Bayern,1
50,57994.0,93543.59,1.0,49.0,Baden-Württemberg,1
67,79290.0,122565.05,1.0,46.0,Thüringen,1
47,45296.0,69529.36,0.0,40.0,Sachsen,1
52,66942.0,90579.78,0.0,50.0,Niedersachsen,1
55,63491.0,115135.5,1.0,39.0,Berlin,1
66,65032.0,96232.71,1.0,53.0,Nordrhein-Westfalen,1
31,60920.0,92362.74,0.0,49.0,Bayern,1
49,67407.0,96728.92,1.0,49.0,Nordrhein-Westfalen,1
54,60464.0,79245.06,0.0,55.0,Baden-Württemberg,1
52,80319.0,124885.27,0.0,51.0,Baden-Württemberg,1
57,75502.0,112788.96,1.0,61.0,Baden-Württemberg,1
52,50014.0,86755.55,1.0,38.0,Berlin,1
48,31841.0,58334.15,1.0,28.0,Brandenburg,1
55,54161.0,104859.86,1.0,36.0,Nordrhein-Westfalen,1
56,74257.0,110427.22,0.0,49.0,Baden-Württemberg,1
62,60595.0,101207.94,0.0,36.0,Sachsen,1
67,89170.0,123408.48,1.0,76.0,Hamburg,1
42,45845.0,97820.78,1.0,42.0,Baden-Württemberg,1
68,89120.0,135200.0,0.0,55.0,Berlin,1
33,49726.0,71847.89,1.0,41.0,Thüringen,1
51,50677.0,83785.2,0.0,34.0,Niedersachsen,1
55,66128.0,117054.79,0.0,43.0,Berlin,1
51,68102.0,101089.53,1.0,52.0,Nordrhein-Westfalen,1
53,80451.0,112949.61,1.0,58.0,Hamburg,1
30,30285.0,49774.03,1.0,22.0,Nordrhein-Westfalen,1
33,45996.0,70449.86,1.0,29.0,Brandenburg,1
66,78982.0,116107.59,1.0,45.0,Bayern,1
38,33666.0,50494.07,1.0,13.0,Nordrhein-Westfalen,1
60,70713.0,93794.62,0.0,48.0,Brandenburg,1
64,79102.0,120716.52,1.0,54.0,Nordrhein-Westfalen,1
43,56035.0,83116.94,1.0,51.0,Bayern,1
70,90512.0,133444.42,1.0,56.0,Bayern,1
66,82404.0,113241.16,0.0,55.0,Nordrhein-Westfalen,1
51,62402.0,106473.29,1.0,55.0,Nordrhein-Westfalen,1
46,62212.0,81404.44,1.0,42.0,Nordrhein-Westfalen,1
59,72303.0,101687.09,0.0,44.0,Bayern,1
44,44135.0,90278.48,1.0,50.0,Sachsen,1
49,62203.0,85122.57,1.0,43.0,Hessen,1
65,65989.0,102710.38,1.0,44.0,Nordrhein-Westfalen,1
50,59828.0,87813.11,0.0,46.0,Baden-Württemberg,1
38,47762.0,72194.21,1.0,39.0,Thüringen,1
62,56784.0,80874.62,0.0,38.0,Niedersachsen,1
59,64556.0,115909.26,1.0,52.0,Bayern,1
61,72628.0,107586.29,0.0,43.0,Niedersachsen,1
32,26860.0,37058.29,0.0,26.0,Berlin,1
44,49072.0,68862.67,1.0,43.0,Bayern,1
35,48297.0,62369.93,1.0,37.0,Baden-Württemberg,1
48,60494.0,85749.76,1.0,39.0,Nordrhein-Westfalen,1
37,41869.0,62593.9,1.0,29.0,Bayern,1
30,45604.0,69872.12,1.0,35.0,Bayern,1
64,74222.0,108488.51,1.0,50.0,Bayern,1
68,72078.0,93935.85,1.0,51.0,Baden-Württemberg,1
59,65278.0,91121.52,1.0,42.0,Nordrhein-Westfalen,1
47,46708.0,70719.18,1.0,31.0,Nordrhein-Westfalen,1
48,47062.0,79825.38,0.0,34.0,Baden-Württemberg,1
55,66738.0,120215.5,1.0,52.0,Nordrhein-Westfalen,1
54,56229.0,97038.57,0.0,40.0,Nordrhein-Westfalen,1
69,76330.0,120784.01,1.0,47.0,Sachsen,1
42,53660.0,77862.18,1.0,37.0,Bayern,1
30,31727.0,62658.18,0.0,20.0,Berlin,1
32,42406.0,45125.2,1.0,39.0,Nordrhein-Westfalen,1
59,64816.0,102801.02,1.0,54.0,Baden-Württemberg,1
53,77106.0,111716.45,1.0,51.0,Nordrhein-Westfalen,1
54,43162.0,81298.0,1.0,34.0,Niedersachsen,1
45,42110.0,67204.52,1.0,33.0,Baden-Württemberg,1
33,27264.0,49485.54,1.0,15.0,Brandenburg,1
65,73235.0,115599.05,0.0,40.0,Baden-Württemberg,1
58,70268.0,103403.43,1.0,48.0,Nordrhein-Westfalen,1
39,35011.0,57408.01,0.0,32.0,Sachsen,1
69,61320.0,113385.31,1.0,50.0,Hessen,1
31,26047.0,63491.25,1.0,24.0,Baden-Württemberg,1
61,76325.0,116425.9,1.0,45.0,Sachsen,1
62,84673.0,118973.65,1.0,57.0,Brandenburg,1
57,77726.0,125762.16,0.0,56.0,Thüringen,1
63,80199.0,138366.29,0.0,70.0,Baden-Württemberg,1
48,77759.0,130352.49,0.0,42.0,Baden-Württemberg,1
58,63366.0,104762.36,1.0,49.0,Baden-Württemberg,1
44,62396.0,94641.94,0.0,43.0,Niedersachsen,1
45,45825.0,80681.1,1.0,42.0,Baden-Württemberg,1
35,35242.0,63070.96,1.0,34.0,Baden-Württemberg,1
54,72410.0,117491.52,1.0,53.0,Sachsen,1
54,49596.0,68169.84,0.0,40.0,Hamburg,1
55,50959.0,88240.21,1.0,46.0,Niedersachsen,1
51,47883.0,90273.18,1.0,45.0,Berlin,1
70,89117.0,128700.13,0.0,63.0,Baden-Württemberg,1
40,56643.0,96334.06,0.0,35.0,Baden-Württemberg,1
64,92461.0,105443.46,1.0,66.0,Nordrhein-Westfalen,1
69,83089.0,136022.46,1.0,42.0,Bayern,1
57,75347.0,111539.65,0.0,49.0,Berlin,1
41,63780.0,90449.48,0.0,47.0,Niedersachsen,1
45,38876.0,78038.11,1.0,45.0,Nordrhein-Westfalen,1
62,75575.0,124516.56,1.0,50.0,Nordrhein-Westfalen,1
54,51135.0,95898.4,1.0,36.0,Nordrhein-Westfalen,1
54,71828.0,99915.01,0.0,54.0,Nordrhein-Westfalen,1
52,58284.0,93481.79,1.0,43.0,Nordrhein-Westfalen,1
57,62292.0,99289.0,1.0,46.0,Nordrhein-Westfalen,1
69,85191.0,134143.64,0.0,55.0,Nordrhein-Westfalen,1
36,28194.0,33483.78,0.0,33.0,Baden-Württemberg,1
45,45178.0,70342.95,0.0,43.0,Sachsen,1
59,70484.0,107496.17,0.0,58.0,Brandenburg,1
56,79765.0,117216.16,1.0,59.0,Niedersachsen,1
38,38681.0,65930.74,1.0,36.0,Nordrhein-Westfalen,1
55,53760.0,93912.15,0.0,33.0,Bayern,1
68,83716.0,125611.48,0.0,53.0,Bayern,1
55,62026.0,79649.63,0.0,61.0,Baden-Württemberg,1
69,71612.0,116360.51,1.0,42.0,Berlin,1
47,60658.0,87172.44,0.0,39.0,Hessen,1
67,87141.0,147149.94,0.0,65.0,Berlin,1
51,66558.0,115445.45,1.0,54.0,Sachsen,1
31,28390.0,59963.88,0.0,29.0,Baden-Württemberg,1
30,14993.0,33678.17,0.0,34.0,Baden-Württemberg,1
70,86939.0,132147.29,0.0,67.0,Hamburg,1
32,43734.0,49055.81,0.0,34.0,Nordrhein-Westfalen,1
35,39852.0,63972.97,1.0,35.0,Bayern,1
32,30856.0,27934.83,1.0,18.0,Nordrhein-Westfalen,1
61,73383.0,105062.59,0.0,49.0,Baden-Württemberg,1
43,54023.0,67446.84,1.0,36.0,Sachsen,1
41,62190.0,72016.19,1.0,46.0,Baden-Württemberg,1
61,72690.0,101692.85,0.0,55.0,Hessen,1
49,56341.0,83125.26,1.0,45.0,Baden-Württemberg,1
68,76627.0,106279.31,1.0,59.0,Nordrhein-Westfalen,1
55,51515.0,78247.78,0.0,51.0,Thüringen,1
42,44684.0,87308.31,0.0,39.0,Baden-Württemberg,1
62,79791.0,101275.87,0.0,48.0,Nordrhein-Westfalen,1
48,67677.0,94002.32,1.0,42.0,Baden-Württemberg,1
54,42499.0,75331.36,1.0,45.0,Sachsen,1
67,94092.0,135212.01,1.0,63.0,Bayern,1
65,59789.0,96988.98,1.0,45.0,Niedersachsen,1
59,68591.0,85536.41,1.0,50.0,Berlin,1
61,83098.0,116002.86,1.0,53.0,Baden-Württemberg,1
34,39181.0,41898.43,0.0,39.0,Baden-Württemberg,1
50,65573.0,99556.57,1.0,40.0,Bayern,1
35,58918.0,82500.37,1.0,57.0,Nordrhein-Westfalen,1
47,57101.0,79106.97,1.0,43.0,Sachsen,1
61,63590.0,86929.76,0.0,34.0,Baden-Württemberg,1
70,68456.0,111312.94,1.0,51.0,Nordrhein-Westfalen,1
57,81401.0,113014.09,1.0,49.0,Bayern,1
41,49301.0,68579.84,1.0,49.0,Nordrhein-Westfalen,1
64,75171.0,112055.97,1.0,53.0,Nordrhein-Westfalen,1
39,45869.0,80389.23,1.0,32.0,Baden-Württemberg,1
59,55669.0,84097.56,0.0,31.0,Baden-Württemberg,1
62,63275.0,110109.58,1.0,38.0,Bayern,1
35,51440.0,76009.29,0.0,50.0,Nordrhein-Westfalen,1
37,45467.0,75752.08,1.0,43.0,Niedersachsen,1
44,47183.0,70636.85,1.0,34.0,Baden-Württemberg,1
53,70100.0,107089.66,1.0,54.0,Hessen,1
52,69175.0,103778.57,1.0,54.0,Hessen,1
34,16069.0,36929.31,0.0,20.0,Nordrhein-Westfalen,1
68,54974.0,83002.22,1.0,42.0,Nordrhein-Westfalen,1
43,58063.0,93120.95,1.0,45.0,Baden-Württemberg,1
39,42008.0,69244.54,0.0,45.0,Baden-Württemberg,1
31,31826.0,61856.99,0.0,20.0,Baden-Württemberg,1
57,66921.0,95988.37,0.0,57.0,Bayern,1
62,84548.0,110128.73,1.0,58.0,Bayern,1
47,69003.0,102390.57,0.0,46.0,Baden-Württemberg,1
35,40901.0,66275.03,1.0,49.0,Sachsen,1
70,84543.0,128417.08,1.0,60.0,Baden-Württemberg,1
65,88138.0,123538.59,0.0,58.0,Baden-Württemberg,1
41,38996.0,66237.4,0.0,28.0,Bayern,1
52,68820.0,88926.82,0.0,45.0,Nordrhein-Westfalen,1
57,57191.0,96831.38,0.0,53.0,Hessen,1
55,67004.0,114150.05,1.0,51.0,Hamburg,1
52,66760.0,103242.45,1.0,45.0,Bayern,1
53,53504.0,98914.66,1.0,42.0,Nordrhein-Westfalen,1
66,82882.0,127752.43,0.0,56.0,Nordrhein-Westfalen,1
65,70352.0,92584.18,0.0,49.0,Sachsen,1
61,65481.0,95229.38,1.0,44.0,Bayern,1
55,51720.0,98714.27,1.0,34.0,Niedersachsen,1
31,36296.0,35482.61,0.0,31.0,Nordrhein-Westfalen,1
58,65705.0,102678.3,0.0,57.0,Sachsen,1
30,23521.0,24543.56,1.0,24.0,Berlin,1
55,67168.0,95526.72,0.0,57.0,Bayern,1
50,59847.0,95607.73,1.0,43.0,Nordrhein-Westfalen,1
69,69084.0,107414.81,1.0,41.0,Thüringen,1
67,78468.0,123598.99,0.0,47.0,Baden-Württemberg,1
55,77056.0,118343.37,1.0,54.0,Bayern,1
62,80910.0,108522.61,0.0,59.0,Bayern,1
46,46834.0,71854.37,1.0,47.0,Baden-Württemberg,1
37,50552.0,83913.36,1.0,45.0,Hessen,1
59,79812.0,112833.38,1.0,50.0,Sachsen,1
36,41243.0,55677.0,1.0,31.0,Hamburg,1
44,39771.0,72076.48,1.0,32.0,Baden-Württemberg,1
33,57513.0,62722.06,0.0,44.0,Bayern,1
66,61785.0,108131.17,0.0,52.0,Sachsen,1
32,40729.0,54787.08,1.0,33.0,Baden-Württemberg,1
31,30097.0,59710.03,1.0,26.0,Hessen,1
46,47322.0,73162.63,1.0,34.0,Baden-Württemberg,1
43,35922.0,51533.78,0.0,27.0,Hessen,1
54,85929.0,129836.57,1.0,66.0,Hessen,1
56,73496.0,94040.73,0.0,47.0,Niedersachsen,1
62,76582.0,124774.93,0.0,61.0,Bayern,1
32,45882.0,78435.1,1.0,45.0,Baden-Württemberg,1
56,58547.0,99077.0,0.0,60.0,Berlin,1
42,56364.0,66173.96,1.0,50.0,Nordrhein-Westfalen,1
63,66387.0,112799.7,0.0,44.0,Niedersachsen,1
34,43401.0,58491.97,1.0,36.0,Baden-Württemberg,1
57,40164.0,77779.65,0.0,46.0,Hessen,1
38,35130.0,52189.58,1.0,51.0,Hessen,1
53,55741.0,83296.61,0.0,41.0,Berlin,1
68,93769.0,137923.28,1.0,42.0,Bayern,1
61,67757.0,107610.75,0.0,47.0,Nordrhein-Westfalen,1
49,35194.0,65668.36,1.0,28.0,Nordrhein-Westfalen,1
47,40566.0,54913.08,0.0,30.0,Hamburg,1
61,68606.0,99514.15,1.0,41.0,Bayern,1
30,45256.0,62326.68,1.0,37.0,Bayern,1
58,60549.0,95376.05,0.0,44.0,Nordrhein-Westfalen,1
34,40849.0,60157.5,1.0,36.0,Bayern,1
67,80824.0,132575.6,1.0,52.0,Baden-Württemberg,1
52,63832.0,84810.82,0.0,35.0,Berlin,1
58,48580.0,77722.17,1.0,32.0,Baden-Württemberg,1
64,71888.0,108277.84,0.0,49.0,Baden-Württemberg,1
31,29275.0,51628.74,1.0,30.0,Hessen,1
41,39563.0,78550.75,1.0,39.0,Baden-Württemberg,1
55,59442.0,88964.7,1.0,36.0,Sachsen,1
68,67429.0,100668.95,0.0,54.0,Bayern,1
54,71244.0,92301.85,1.0,51.0,Baden-Württemberg,1
45,50903.0,79988.48,1.0,52.0,Baden-Württemberg,1
36,69703.0,86119.52,0.0,50.0,Niedersachsen,1
66,76920.0,113661.11,1.0,53.0,Hamburg,1
32,52664.0,72598.33,1.0,53.0,Baden-Württemberg,1
46,58260.0,104933.18,1.0,43.0,Bayern,1
41,59921.0,111734.31,0.0,40.0,Nordrhein-Westfalen,1
31,42377.0,69094.76,1.0,31.0,Bayern,1
60,64260.0,95392.37,0.0,33.0,Hessen,1
43,42342.0,66374.97,1.0,37.0,Thüringen,1
33,30037.0,62787.47,1.0,28.0,Baden-Württemberg,1
52,84942.0,110785.84,1.0,49.0,Nordrhein-Westfalen,1
64,84143.0,106701.56,0.0,42.0,Bayern,1
39,40159.0,67170.69,1.0,37.0,Niedersachsen,1
63,71039.0,98163.51,1.0,48.0,Thüringen,1
64,64626.0,113550.22,0.0,55.0,Sachsen,1
67,93757.0,134096.72,1.0,54.0,Berlin,1
35,52473.0,86012.47,1.0,57.0,Nordrhein-Westfalen,1
32,47570.0,82420.11,1.0,38.0,Hessen,1
57,73261.0,95081.32,0.0,52.0,Baden-Württemberg,1
56,61920.0,94455.39,1.0,49.0,Nordrhein-Westfalen,1
43,70080.0,94723.69,0.0,48.0,Baden-Württemberg,1
56,74505.0,103566.8,1.0,50.0,Baden-Württemberg,1
42,70246.0,94369.73,1.0,44.0,Sachsen,1
34,24647.0,49746.45,1.0,26.0,Sachsen,1
59,61009.0,103904.6,0.0,40.0,Baden-Württemberg,1
33,41309.0,82824.09,1.0,25.0,Baden-Württemberg,1
46,62109.0,79387.46,1.0,50.0,Nordrhein-Westfalen,1
34,45499.0,58717.86,1.0,40.0,Nordrhein-Westfalen,1
30,37341.0,41316.33,1.0,32.0,Bayern,1
59,56937.0,109491.66,1.0,55.0,Berlin,1
40,41023.0,59175.54,0.0,49.0,Nordrhein-Westfalen,1
43,53520.0,94866.27,1.0,44.0,Sachsen,1
41,31809.0,44588.0,1.0,27.0,Sachsen,1
33,43075.0,60255.17,1.0,37.0,Nordrhein-Westfalen,1
53,43943.0,71806.29,1.0,35.0,Niedersachsen,1
43,48335.0,68096.85,0.0,42.0,Hessen,1
67,72430.0,116130.92,1.0,43.0,Berlin,1
55,52440.0,73482.49,0.0,41.0,Hessen,1
66,79684.0,111685.27,0.0,44.0,Bayern,1
41,49106.0,60659.78,1.0,35.0,Baden-Württemberg,1
31,32891.0,59486.79,0.0,34.0,Bayern,1
65,79806.0,124673.13,0.0,69.0,Berlin,1
67,93933.0,124053.4,0.0,61.0,Baden-Württemberg,1
37,45011.0,63758.96,1.0,38.0,Berlin,1
57,68984.0,81325.05,0.0,41.0,Berlin,1
64,70698.0,118855.24,1.0,45.0,Brandenburg,1
38,49724.0,69448.24,0.0,33.0,Nordrhein-Westfalen,1
47,51053.0,89354.82,1.0,49.0,Nordrhein-Westfalen,1
37,66600.0,86748.87,1.0,49.0,Niedersachsen,1
62,64538.0,113786.43,1.0,49.0,Baden-Württemberg,1
48,48903.0,59895.32,0.0,38.0,Baden-Württemberg,1
49,65479.0,92555.99,1.0,45.0,Sachsen,1
38,61052.0,93849.29,1.0,39.0,Niedersachsen,1
64,79138.0,114319.8,0.0,59.0,Nordrhein-Westfalen,1
54,70130.0,127478.45,1.0,46.0,Hessen,1
66,74400.0,114577.68,1.0,51.0,Bayern,1
53,59879.0,92542.02,1.0,39.0,Niedersachsen,1
34,39127.0,71127.46,0.0,27.0,Thüringen,1
52,77055.0,121764.28,1.0,60.0,Baden-Württemberg,1
64,91409.0,140161.07,1.0,76.0,Sachsen,1
66,86787.0,127064.84,0.0,54.0,Hessen,1
68,80968.0,135002.85,1.0,47.0,Sachsen,1
38,45470.0,72615.51,1.0,40.0,Sachsen,1
68,80444.0,131551.59,1.0,44.0,Thüringen,1
31,33214.0,58416.51,1.0,31.0,Sachsen,1
68,73781.0,120941.76,0.0,55.0,Baden-Württemberg,1
58,54668.0,99426.78,1.0,42.0,Baden-Württemberg,1
48,45545.0,75700.83,0.0,30.0,Berlin,1
32,35961.0,42830.37,0.0,28.0,Niedersachsen,1
34,43862.0,91438.09,1.0,32.0,Sachsen,1
69,84021.0,133358.19,1.0,56.0,Baden-Württemberg,1
58,48755.0,95736.22,1.0,43.0,Bayern,1
40,50085.0,68956.52,0.0,42.0,Bayern,1
58,67540.0,106543.4,1.0,47.0,Bayern,1
47,63067.0,102867.75,1.0,41.0,Bayern,1
42,47953.0,65155.0,1.0,45.0,Bayern,1
70,86609.0,142906.55,1.0,60.0,Bayern,1
67,53207.0,90531.33,1.0,41.0,Nordrhein-Westfalen,1
64,82125.0,99958.46,0.0,66.0,Berlin,1
40,40278.0,45917.71,1.0,37.0,Bayern,1
70,80568.0,120515.75,0.0,43.0,Nordrhein-Westfalen,1
62,70035.0,98348.59,1.0,52.0,Niedersachsen,1
33,41209.0,56426.61,1.0,30.0,Baden-Württemberg,1
63,80414.0,101554.64,1.0,49.0,Sachsen,1
35,41525.0,75726.31,1.0,30.0,Bayern,1
47,67211.0,84216.96,1.0,45.0,Thüringen,1
37,48132.0,63544.0,1.0,32.0,Bayern,1
64,72069.0,116154.84,1.0,47.0,Berlin,1
54,56914.0,83783.08,0.0,36.0,Berlin,1
62,73197.0,115604.15,0.0,41.0,Hessen,1
57,40366.0,58229.04,1.0,23.0,Berlin,1
47,55970.0,76520.05,1.0,40.0,Sachsen,1
70,73211.0,121272.09,0.0,64.0,Sachsen,1
51,51743.0,91562.01,1.0,42.0,Baden-Württemberg,1
62,75303.0,116978.57,1.0,48.0,Nordrhein-Westfalen,1
66,64077.0,109821.52,1.0,48.0,Nordrhein-Westfalen,1
35,35300.0,58384.57,1.0,33.0,Baden-Württemberg,1
67,71177.0,112500.75,1.0,57.0,Baden-Württemberg,1
59,79235.0,130383.85,0.0,68.0,Thüringen,1
49,52215.0,87326.82,1.0,37.0,Niedersachsen,1
48,54204.0,86153.64,0.0,54.0,Nordrhein-Westfalen,1
45,40446.0,76851.18,0.0,41.0,Brandenburg,1
69,79491.0,127058.7,1.0,74.0,Nordrhein-Westfalen,1
38,46165.0,60325.44,1.0,35.0,Berlin,1
60,56507.0,84172.64,0.0,41.0,Berlin,1
65,69167.0,110950.37,1.0,42.0,Niedersachsen,1
52,81387.0,91299.91,1.0,55.0,Hessen,1
39,47664.0,71040.72,1.0,36.0,Berlin,1
31,43389.0,52734.87,0.0,47.0,Sachsen,1
31,39617.0,60089.79,1.0,35.0,Berlin,1
44,52258.0,72060.58,0.0,47.0,Bayern,1
57,76694.0,120681.69,0.0,58.0,Bayern,1
53,66225.0,78191.01,1.0,49.0,Hessen,1
35,56593.0,74955.3,1.0,51.0,Brandenburg,1
57,60125.0,89090.25,1.0,41.0,Bayern,1
58,56452.0,86683.9,0.0,37.0,Baden-Württemberg,1
63,76247.0,103879.52,1.0,40.0,Niedersachsen,1
57,81624.0,123507.46,1.0,63.0,Berlin,1
32,55589.0,60798.72,0.0,44.0,Berlin,1
41,28790.0,55293.51,0.0,44.0,Niedersachsen,1
62,68397.0,92611.11,0.0,49.0,Hessen,1
65,52291.0,83234.33,0.0,40.0,Sachsen,1
45,46062.0,61105.39,1.0,25.0,Nordrhein-Westfalen,1
44,57848.0,81081.18,1.0,43.0,Bayern,1
62,73353.0,104733.83,0.0,51.0,Berlin,1
62,75407.0,115505.36,1.0,55.0,Brandenburg,1
49,63205.0,92627.74,0.0,35.0,Berlin,1
38,46525.0,80802.74,1.0,34.0,Bayern,1
49,73660.0,107200.27,1.0,51.0,Bayern,1
65,72055.0,105462.29,1.0,51.0,Brandenburg,1
54,55557.0,72637.98,1.0,38.0,Bayern,1
70,77481.0,114318.99,1.0,60.0,Baden-Württemberg,1
63,69742.0,94365.56,1.0,43.0,Berlin,1
64,65754.0,95513.44,1.0,53.0,Hamburg,1
33,47124.0,79603.78,1.0,35.0,Bayern,1
33,37491.0,53138.58,0.0,32.0,Niedersachsen,1
34,27982.0,31074.53,0.0,28.0,Bayern,1
51,58438.0,90811.71,1.0,52.0,Baden-Württemberg,1
67,69567.0,128522.22,1.0,53.0,Brandenburg,1
34,23826.0,48808.86,0.0,34.0,Niedersachsen,1
45,62178.0,85463.8,1.0,46.0,Baden-Württemberg,1
44,68447.0,96292.93,0.0,47.0,Sachsen,1
53,59694.0,91743.18,1.0,40.0,Sachsen,1
69,74254.0,102553.46,1.0,63.0,Bayern,1
61,74239.0,106676.91,1.0,65.0,Thüringen,1
58,65271.0,106258.99,1.0,44.0,Nordrhein-Westfalen,1
60,73978.0,109383.25,0.0,44.0,Baden-Württemberg,1
59,80507.0,122494.92,1.0,52.0,Baden-Württemberg,1
36,27831.0,38628.85,0.0,37.0,Bayern,1
49,58030.0,102268.68,1.0,38.0,Nordrhein-Westfalen,1
67,88160.0,116308.36,0.0,67.0,Hessen,1
69,80988.0,130219.27,0.0,57.0,Baden-Württemberg,1
30,40170.0,63566.56,1.0,44.0,Hessen,1
59,63905.0,94428.01,1.0,38.0,Bayern,1
33,41016.0,61945.93,0.0,36.0,Bayern,1
57,57867.0,78941.48,0.0,35.0,Bayern,1
65,73022.0,100337.77,0.0,64.0,Niedersachsen,1
67,78366.0,109630.95,1.0,55.0,Nordrhein-Westfalen,1
64,67455.0,116446.72,1.0,38.0,Nordrhein-Westfalen,1
46,46352.0,76759.63,1.0,22.0,Bayern,1
33,34894.0,60765.14,1.0,29.0,Baden-Württemberg,1
66,70138.0,102407.29,1.0,59.0,Berlin,1
59,61988.0,83817.23,0.0,34.0,Baden-Württemberg,1
45,62886.0,91266.15,1.0,50.0,Nordrhein-Westfalen,1
65,82579.0,119442.59,0.0,52.0,Nordrhein-Westfalen,1
41,38158.0,49170.73,0.0,37.0,Nordrhein-Westfalen,1
43,41643.0,68969.85,0.0,25.0,Berlin,1
42,63339.0,90132.53,1.0,54.0,Nordrhein-Westfalen,1
50,45848.0,48780.22,1.0,47.0,Hessen,1
52,58625.0,113237.35,1.0,46.0,Sachsen,1
42,41463.0,74976.67,1.0,43.0,Baden-Württemberg,1
55,66624.0,94540.15,1.0,36.0,Hessen,1
66,95730.0,138765.11,1.0,63.0,Nordrhein-Westfalen,1
62,66385.0,110890.06,1.0,45.0,Hessen,1
30,28784.0,42416.07,1.0,34.0,Berlin,1
54,72215.0,117790.98,1.0,42.0,Sachsen,1
42,55975.0,80767.86,0.0,38.0,Nordrhein-Westfalen,1
45,60218.0,102902.04,1.0,41.0,Hamburg,1
40,40385.0,60570.44,0.0,38.0,Baden-Württemberg,1
63,58435.0,87561.26,1.0,47.0,Thüringen,1
51,40228.0,64816.33,1.0,31.0,Hessen,1
64,64196.0,107141.39,1.0,48.0,Bayern,1
56,81045.0,125101.5,0.0,58.0,Berlin,1
58,49747.0,77878.69,1.0,48.0,Hamburg,1
34,65070.0,98105.63,1.0,57.0,Hamburg,1
59,76842.0,94309.74,0.0,47.0,Baden-Württemberg,1
46,40684.0,66968.71,1.0,36.0,Niedersachsen,1
41,46713.0,49617.32,1.0,40.0,Bayern,1
40,50730.0,69432.02,1.0,30.0,Baden-Württemberg,1
61,59927.0,100903.48,1.0,47.0,Baden-Württemberg,1
51,47827.0,71298.43,1.0,39.0,Thüringen,1
54,60025.0,74740.62,1.0,42.0,Berlin,1
41,62740.0,91641.0,0.0,52.0,Niedersachsen,1
48,45333.0,65343.65,1.0,40.0,Hessen,1
30,41029.0,70761.65,0.0,32.0,Hessen,1
32,23753.0,40179.55,0.0,22.0,Bayern,1
46,51329.0,77922.3,1.0,32.0,Thüringen,1
42,48275.0,70990.88,1.0,42.0,Thüringen,1
65,60136.0,116989.74,1.0,44.0,Hessen,1
65,55071.0,90033.88,1.0,41.0,Niedersachsen,1
43,52541.0,79916.64,0.0,36.0,Hessen,1
62,79399.0,125617.3,0.0,56.0,Baden-Württemberg,1
54,64748.0,104496.28,1.0,47.0,Bayern,1
62,57795.0,85730.62,0.0,38.0,Niedersachsen,1
35,59218.0,89824.77,0.0,33.0,Berlin,1
60,71186.0,115349.19,1.0,53.0,Hessen,1
54,55199.0,64942.31,1.0,59.0,Baden-Württemberg,1
39,61809.0,80843.31,1.0,44.0,Nordrhein-Westfalen,1
53,61613.0,99068.03,1.0,50.0,Brandenburg,1
64,71112.0,121577.09,1.0,55.0,Hamburg,1
31,44046.0,51186.35,1.0,31.0,Thüringen,1
69,72349.0,103823.85,1.0,61.0,Baden-Württemberg,1
35,55716.0,63069.62,1.0,25.0,Sachsen,1
43,53186.0,93969.09,1.0,43.0,Hamburg,1
68,79182.0,125939.52,1.0,48.0,Baden-Württemberg,1
38,59079.0,92587.82,1.0,56.0,Berlin,1
70,95326.0,133593.66,1.0,66.0,Baden-Württemberg,1
50,48277.0,88936.09,1.0,47.0,Nordrhein-Westfalen,1
50,78249.0,114846.09,1.0,55.0,Nordrhein-Westfalen,1
69,77887.0,126098.91,0.0,51.0,Hessen,1
61,94363.0,137974.71,1.0,50.0,Bayern,1
60,61431.0,105250.41,1.0,33.0,Bayern,1
34,46252.0,62891.18,0.0,39.0,Berlin,1
57,60138.0,102300.93,1.0,35.0,Baden-Württemberg,1
48,57825.0,94299.04,1.0,31.0,Thüringen,1
38,35214.0,50205.8,1.0,32.0,Bayern,1
61,65648.0,100202.5,0.0,51.0,Berlin,1
49,60621.0,81988.0,1.0,41.0,Hessen,1
32,61059.0,81549.78,0.0,47.0,Nordrhein-Westfalen,1
59,60769.0,72785.83,1.0,53.0,Baden-Württemberg,1
37,60379.0,83542.5,0.0,59.0,Thüringen,1
38,51844.0,60596.45,1.0,31.0,Sachsen,1
54,71830.0,113981.18,1.0,44.0,Bayern,1
55,75123.0,97596.04,1.0,55.0,Nordrhein-Westfalen,1
30,29432.0,61522.97,0.0,28.0,Nordrhein-Westfalen,1
58,46940.0,78383.96,0.0,36.0,Baden-Württemberg,1
45,52953.0,69536.92,1.0,36.0,Brandenburg,1
57,68942.0,96688.41,0.0,51.0,Nordrhein-Westfalen,1
67,73602.0,124908.81,1.0,56.0,Nordrhein-Westfalen,1
32,58361.0,71055.84,0.0,46.0,Nordrhein-Westfalen,1
51,71583.0,99159.39,0.0,59.0,Baden-Württemberg,1
41,50856.0,87967.12,1.0,42.0,Nordrhein-Westfalen,1
70,73363.0,111223.31,0.0,54.0,Hamburg,1
50,56621.0,92898.67,0.0,40.0,Bayern,1
46,49781.0,73484.48,0.0,48.0,Hessen,1
40,43259.0,58493.0,1.0,36.0,Niedersachsen,1
58,67418.0,95613.26,0.0,65.0,Bayern,1
31,27160.0,40495.11,0.0,26.0,Bayern,1
65,60902.0,114790.5,1.0,52.0,Niedersachsen,1
69,67799.0,99345.38,0.0,55.0,Bayern,1
67,81679.0,124223.23,0.0,57.0,Bayern,1
67,74189.0,118596.14,0.0,44.0,Baden-Württemberg,1
60,70775.0,101574.15,0.0,64.0,Baden-Württemberg,1
34,52759.0,77110.67,1.0,53.0,Niedersachsen,1
58,68451.0,114851.71,1.0,45.0,Nordrhein-Westfalen,1
68,84609.0,123507.33,1.0,54.0,Baden-Württemberg,1
37,48532.0,68786.85,0.0,32.0,Hessen,1
49,69675.0,92342.53,1.0,51.0,Baden-Württemberg,1
35,24355.0,55167.61,1.0,32.0,Hessen,1
30,36552.0,51200.08,0.0,21.0,Baden-Württemberg,1
34,44113.0,69211.99,1.0,34.0,Sachsen,1
65,68189.0,97143.57,0.0,36.0,Nordrhein-Westfalen,1
64,77668.0,116246.65,0.0,63.0,Baden-Württemberg,1
36,24397.0,32833.88,0.0,38.0,Baden-Württemberg,1
37,44420.0,51519.02,1.0,26.0,Bayern,1
52,60063.0,109287.55,1.0,31.0,Niedersachsen,1
66,94518.0,119618.58,0.0,62.0,Thüringen,1
40,55005.0,76273.78,1.0,47.0,Berlin,1
44,43460.0,71339.81,0.0,45.0,Hessen,1
57,83306.0,112854.14,1.0,53.0,Sachsen,1
38,55278.0,95883.59,1.0,46.0,Baden-Württemberg,1
38,54775.0,75261.51,1.0,40.0,Hamburg,1
64,89881.0,120551.98,0.0,55.0,Hessen,1
41,57422.0,75053.42,1.0,47.0,Nordrhein-Westfalen,1
37,30511.0,63585.76,0.0,29.0,Niedersachsen,1
57,66962.0,103890.1,1.0,47.0,Sachsen,1
63,65128.0,111253.56,1.0,42.0,Berlin,1
66,80562.0,121433.27,1.0,48.0,Bayern,1
30,23168.0,38984.74,1.0,23.0,Thüringen,1
70,76112.0,107199.46,1.0,60.0,Sachsen,1
56,65663.0,107678.5,1.0,55.0,Hessen,1
52,77888.0,105968.69,1.0,59.0,Bayern,1
44,47332.0,84281.71,0.0,36.0,Baden-Württemberg,1
32,43022.0,50811.55,1.0,36.0,Sachsen,1
54,65610.0,78467.12,1.0,59.0,Berlin,1
55,69487.0,93455.52,1.0,50.0,Thüringen,1
55,76066.0,112809.53,0.0,52.0,Hamburg,1
56,76011.0,125585.18,1.0,63.0,Nordrhein-Westfalen,1
36,51478.0,90484.89,1.0,32.0,Bayern,1
44,52628.0,80768.14,0.0,47.0,Bayern,1
39,50202.0,86793.36,1.0,30.0,Bayern,1
54,58380.0,89265.3,1.0,45.0,Hessen,1
39,57156.0,77986.08,1.0,39.0,Baden-Württemberg,1
48,51210.0,64363.81,1.0,29.0,Bayern,1
60,57664.0,95386.14,0.0,51.0,Hessen,1
31,36628.0,58605.27,0.0,33.0,Berlin,1
69,77676.0,126864.71,1.0,62.0,Nordrhein-Westfalen,1
33,38152.0,68310.6,0.0,26.0,Baden-Württemberg,1
69,65252.0,105771.99,1.0,42.0,Berlin,1
45,49088.0,80749.79,0.0,39.0,Niedersachsen,1
56,66685.0,110938.59,1.0,55.0,Hessen,1
42,22279.0,61502.53,1.0,20.0,Sachsen,1
66,85534.0,122017.62,1.0,59.0,Sachsen,1
63,81261.0,109555.23,1.0,48.0,Bayern,1
32,26878.0,50126.6,1.0,36.0,Bayern,1
70,84074.0,144045.32,1.0,57.0,Baden-Württemberg,1
30,52514.0,76020.69,1.0,27.0,Niedersachsen,1
45,54276.0,88859.4,1.0,43.0,Baden-Württemberg,1
38,48364.0,85707.42,1.0,35.0,Bayern,1
51,69957.0,102053.63,0.0,51.0,Bayern,1
36,40554.0,68345.72,1.0,24.0,Baden-Württemberg,1
57,78835.0,112307.45,1.0,55.0,Baden-Württemberg,1
62,71666.0,107104.52,1.0,59.0,Thüringen,1
59,79283.0,105625.52,1.0,59.0,Berlin,1
68,61693.0,111218.49,0.0,52.0,Nordrhein-Westfalen,1
43,57981.0,96036.67,0.0,55.0,Niedersachsen,1
70,80732.0,116569.27,1.0,52.0,Baden-Württemberg,1
53,70398.0,102062.3,0.0,48.0,Sachsen,1
32,53135.0,81152.36,1.0,53.0,Baden-Württemberg,1
40,53679.0,77410.61,1.0,41.0,Berlin,1
63,82564.0,124742.75,1.0,59.0,Bayern,1
44,47834.0,69642.73,1.0,44.0,Berlin,1
65,62961.0,106364.96,1.0,56.0,Baden-Württemberg,1
31,27501.0,39695.86,1.0,22.0,Hessen,1
51,61555.0,101804.21,0.0,36.0,Hamburg,1
40,42128.0,78281.31,1.0,40.0,Niedersachsen,1
55,45218.0,69467.58,1.0,34.0,Berlin,1
48,43335.0,67948.2,1.0,27.0,Nordrhein-Westfalen,1
32,43583.0,75274.62,0.0,37.0,Baden-Württemberg,1
56,42003.0,84471.99,0.0,43.0,Hessen,1
35,41741.0,52271.78,0.0,38.0,Hamburg,1
65,79589.0,117896.45,0.0,57.0,Hessen,1
40,76423.0,101008.49,0.0,51.0,Bayern,1
43,59012.0,91000.76,1.0,44.0,Baden-Württemberg,1
65,58270.0,85983.74,1.0,38.0,Berlin,1
37,57504.0,78406.83,1.0,40.0,Berlin,1
48,59014.0,97451.48,1.0,48.0,Bayern,1
65,70212.0,102160.74,1.0,45.0,Hessen,1
50,49026.0,79076.93,0.0,36.0,Berlin,1
55,61750.0,93666.44,1.0,52.0,Nordrhein-Westfalen,1
32,34846.0,48990.25,0.0,25.0,Baden-Württemberg,1
59,68568.0,95476.41,0.0,41.0,Baden-Württemberg,1
30,62318.0,93943.58,1.0,50.0,Hessen,1
54,84027.0,117270.4,1.0,58.0,Niedersachsen,1
30,29264.0,54886.03,1.0,21.0,Berlin,1
55,71467.0,89954.18,1.0,59.0,Hessen,1
59,68825.0,83303.72,0.0,60.0,Brandenburg,1
66,58457.0,79415.76,1.0,35.0,Bayern,1
46,46384.0,82034.0,1.0,37.0,Sachsen,1
69,96516.0,142208.17,1.0,64.0,Baden-Württemberg,1
70,69581.0,103751.58,1.0,51.0,Thüringen,1
38,48301.0,64230.98,1.0,33.0,Niedersachsen,1
67,63547.0,103123.57,1.0,41.0,Berlin,1
37,32686.0,49215.87,1.0,36.0,Baden-Württemberg,1
55,71240.0,106132.59,1.0,49.0,Bayern,1
30,39919.1,0.0,0.0,29.0,Bayern,0
41,53430.67,0.0,0.0,27.0,Baden-Württemberg,0
64,73163.22,0.0,0.0,32.0,Baden-Württemberg,0
41,36761.48,0.0,0.0,44.0,Baden-Württemberg,0
35,42684.33,0.0,1.0,33.0,Nordrhein-Westfalen,0
67,63881.03,0.0,1.0,27.0,Berlin,0
46,68885.02,0.0,0.0,59.0,Nordrhein-Westfalen,0
63,63083.29,0.0,0.0,40.0,Niedersachsen,0
30,55256.45,0.0,1.0,31.0,Baden-Württemberg,0
32,44873.24,0.0,0.0,44.0,Sachsen,0
66,75200.53,0.0,0.0,35.0,Berlin,0
61,59560.06,0.0,0.0,37.0,Nordrhein-Westfalen,0
66,90643.13,0.0,1.0,25.0,Baden-Württemberg,0
68,80553.39,0.0,0.0,56.0,Baden-Württemberg,0
39,42543.25,0.0,1.0,30.0,Hessen,0
40,33126.11,0.0,0.0,34.0,Baden-Württemberg,0
44,62175.96,0.0,1.0,33.0,Berlin,0
49,51900.08,0.0,0.0,40.0,Bayern,0
48,59967.31,0.0,1.0,21.0,Hessen,0
36,33884.97,0.0,0.0,49.0,Bayern,0
66,67587.21,0.0,1.0,37.0,Nordrhein-Westfalen,0
31,38844.34,0.0,1.0,21.0,Berlin,0
61,66782.63,0.0,0.0,25.0,Nordrhein-Westfalen,0
40,54891.45,0.0,0.0,46.0,Baden-Württemberg,0
49,59388.52,0.0,0.0,21.0,Baden-Württemberg,0
62,92892.64,0.0,0.0,14.0,Nordrhein-Westfalen,0
36,36252.28,0.0,1.0,46.0,Hamburg,0
45,54233.59,0.0,1.0,37.0,Niedersachsen,0
64,84876.3,0.0,0.0,34.0,Baden-Württemberg,0
50,60708.23,0.0,0.0,44.0,Hessen,0
45,54500.54,0.0,0.0,30.0,Hamburg,0
31,34101.76,0.0,1.0,46.0,Bayern,0
50,55260.85,0.0,0.0,46.0,Brandenburg,0
52,71014.31,0.0,1.0,21.0,Bayern,0
34,53036.01,0.0,0.0,46.0,Bayern,0
67,79728.14,0.0,1.0,22.0,Thüringen,0
31,26637.98,0.0,1.0,30.0,Niedersachsen,0
38,48808.07,0.0,1.0,54.0,Baden-Württemberg,0
46,61964.35,0.0,0.0,57.0,Bayern,0
31,27594.39,0.0,0.0,49.0,Bayern,0
68,83333.57,0.0,1.0,33.0,Bayern,0
48,54207.39,0.0,0.0,45.0,Nordrhein-Westfalen,0
40,65585.39,0.0,0.0,43.0,Bayern,0
37,39421.71,0.0,1.0,38.0,Berlin,0
69,108569.09,0.0,1.0,47.0,Nordrhein-Westfalen,0
69,91625.0,0.0,1.0,21.0,Niedersachsen,0
43,67392.46,0.0,0.0,45.0,Nordrhein-Westfalen,0
52,68557.64,0.0,0.0,27.0,Sachsen,0
37,51083.83,0.0,0.0,41.0,Baden-Württemberg,0
51,52205.09,0.0,0.0,42.0,Baden-Württemberg,0
68,96580.06,0.0,0.0,30.0,Nordrhein-Westfalen,0
63,80825.88,0.0,1.0,50.0,Berlin,0
63,56999.13,0.0,1.0,50.0,Berlin,0
66,64794.73,0.0,1.0,35.0,Berlin,0
50,75601.53,0.0,0.0,31.0,Thüringen,0
35,32469.35,0.0,1.0,24.0,Bayern,0
53,51711.71,0.0,1.0,37.0,Baden-Württemberg,0
62,75231.18,0.0,1.0,44.0,Baden-Württemberg,0
39,37428.12,0.0,1.0,37.0,Niedersachsen,0
53,75785.77,0.0,0.0,49.0,Bayern,0
39,30485.19,0.0,1.0,44.0,Hamburg,0
60,70853.56,0.0,1.0,30.0,Baden-Württemberg,0
41,57516.9,0.0,1.0,39.0,Berlin,0
37,66419.25,0.0,1.0,28.0,Thüringen,0
45,62279.13,0.0,1.0,27.0,Baden-Württemberg,0
52,70297.21,0.0,0.0,51.0,Nordrhein-Westfalen,0
37,65035.0,0.0,1.0,44.0,Niedersachsen,0
36,41668.05,0.0,0.0,40.0,Bayern,0
43,49480.58,0.0,1.0,23.0,Baden-Württemberg,0
54,56292.71,0.0,1.0,36.0,Hamburg,0
67,78307.65,0.0,0.0,35.0,Hamburg,0
37,43614.88,0.0,1.0,34.0,Bayern,0
49,76602.79,0.0,1.0,19.0,Berlin,0
42,58051.96,0.0,0.0,25.0,Baden-Württemberg,0
46,51857.86,0.0,1.0,44.0,Nordrhein-Westfalen,0
68,79291.16,0.0,0.0,36.0,Nordrhein-Westfalen,0
70,76105.63,0.0,0.0,25.0,Hessen,0
58,68691.18,0.0,1.0,37.0,Nordrhein-Westfalen,0
43,48849.87,0.0,0.0,36.0,Brandenburg,0
65,92223.19,0.0,1.0,41.0,Baden-Württemberg,0
69,85613.26,0.0,1.0,28.0,Hessen,0
47,53430.97,0.0,1.0,30.0,Berlin,0
41,34560.06,0.0,0.0,34.0,Baden-Württemberg,0
38,46846.65,0.0,0.0,46.0,Baden-Württemberg,0
44,53482.31,0.0,1.0,33.0,Bayern,0
35,29395.64,0.0,1.0,28.0,Baden-Württemberg,0
40,68282.05,0.0,1.0,15.0,Hamburg,0
45,66573.49,0.0,0.0,52.0,Nordrhein-Westfalen,0
39,44825.25,0.0,0.0,45.0,Baden-Württemberg,0
38,40638.12,0.0,1.0,46.0,Baden-Württemberg,0
61,75680.86,0.0,1.0,42.0,Sachsen,0
37,39528.49,0.0,1.0,19.0,Bayern,0
32,44270.05,0.0,1.0,45.0,Niedersachsen,0
70,74005.81,0.0,0.0,42.0,Baden-Württemberg,0
34,43060.35,0.0,1.0,32.0,Nordrhein-Westfalen,0
60,71786.36,0.0,1.0,36.0,Bayern,0
48,60260.02,0.0,0.0,30.0,Berlin,0
37,45165.04,0.0,1.0,36.0,Bayern,0
68,98083.37,0.0,1.0,22.0,Berlin,0
44,43990.6,0.0,1.0,35.0,Brandenburg,0
48,54965.09,0.0,1.0,30.0,Niedersachsen,0
53,53797.07,0.0,1.0,24.0,Hessen,0
61,75646.61,0.0,1.0,45.0,Bayern,0
67,85750.08,0.0,0.0,41.0,Nordrhein-Westfalen,0
49,49362.36,0.0,0.0,36.0,Thüringen,0
40,39581.25,0.0,1.0,5.0,Niedersachsen,0
53,72005.36,0.0,0.0,27.0,Nordrhein-Westfalen,0
50,64800.0,0.0,1.0,35.0,Thüringen,0
54,73773.47,0.0,1.0,23.0,Berlin,0
49,51990.86,0.0,1.0,29.0,Berlin,0
40,62840.37,0.0,0.0,35.0,Nordrhein-Westfalen,0
30,46686.49,0.0,1.0,36.0,Sachsen,0
35,42664.93,0.0,0.0,34.0,Nordrhein-Westfalen,0
65,78027.33,0.0,1.0,12.0,Niedersachsen,0
54,54771.82,0.0,0.0,26.0,Baden-Württemberg,0
61,79526.72,0.0,1.0,62.0,Baden-Württemberg,0
36,32281.86,0.0,1.0,52.0,Hessen,0
32,31010.6,0.0,0.0,42.0,Baden-Württemberg,0
68,78362.67,0.0,0.0,21.0,Baden-Württemberg,0
51,56457.49,0.0,0.0,28.0,Nordrhein-Westfalen,0
68,74860.99,0.0,0.0,20.0,Bayern,0
54,68635.79,0.0,0.0,29.0,Baden-Württemberg,0
61,61246.33,0.0,0.0,45.0,Nordrhein-Westfalen,0
63,69114.67,0.0,0.0,39.0,Hamburg,0
58,76153.05,0.0,0.0,25.0,Bayern,0
41,39145.7,0.0,1.0,40.0,Hessen,0
45,34526.57,0.0,1.0,17.0,Baden-Württemberg,0
47,61173.94,0.0,1.0,37.0,Niedersachsen,0
35,40070.02,0.0,1.0,47.0,Bayern,0
47,61411.11,0.0,1.0,21.0,Bayern,0
66,76131.41,0.0,0.0,42.0,Sachsen,0
57,52580.66,0.0,1.0,29.0,Bayern,0
31,12031.99,0.0,1.0,32.0,Baden-Württemberg,0
63,74054.71,0.0,0.0,43.0,Nordrhein-Westfalen,0
30,47051.43,0.0,1.0,23.0,Baden-Württemberg,0
57,75169.08,0.0,0.0,44.0,Thüringen,0
49,53203.21,0.0,0.0,44.0,Hessen,0
64,74726.85,0.0,1.0,55.0,Bayern,0
37,60309.96,0.0,0.0,38.0,Baden-Württemberg,0
40,56212.03,0.0,1.0,39.0,Bayern,0
50,46631.76,0.0,1.0,36.0,Bayern,0
49,56491.65,0.0,0.0,25.0,Baden-Württemberg,0
51,46713.49,0.0,0.0,34.0,Berlin,0
37,37001.86,0.0,1.0,29.0,Bayern,0
34,46611.9,0.0,1.0,34.0,Berlin,0
36,39625.22,0.0,1.0,55.0,Bayern,0
70,97897.05,0.0,1.0,60.0,Berlin,0
43,68343.43,0.0,1.0,32.0,Nordrhein-Westfalen,0
59,68648.91,0.0,1.0,32.0,Nordrhein-Westfalen,0
34,42021.35,0.0,0.0,36.0,Brandenburg,0
66,78363.18,0.0,1.0,26.0,Baden-Württemberg,0
55,67416.14,0.0,1.0,31.0,Nordrhein-Westfalen,0
57,75132.7,0.0,0.0,41.0,Bayern,0
52,54277.2,0.0,1.0,48.0,Nordrhein-Westfalen,0
62,83975.47,0.0,0.0,33.0,Bayern,0
42,60427.73,0.0,1.0,44.0,Sachsen,0
67,87075.04,0.0,1.0,59.0,Niedersachsen,0
55,76311.86,0.0,1.0,41.0,Baden-Württemberg,0
31,38298.53,0.0,1.0,3.0,Nordrhein-Westfalen,0
33,35653.84,0.0,0.0,26.0,Nordrhein-Westfalen,0
37,51507.44,0.0,0.0,34.0,Niedersachsen,0
43,58161.76,0.0,1.0,31.0,Nordrhein-Westfalen,0
30,38642.92,0.0,1.0,35.0,Bayern,0
46,56617.22,0.0,0.0,31.0,Hessen,0
37,38266.32,0.0,1.0,36.0,Baden-Württemberg,0
41,52447.56,0.0,1.0,48.0,Sachsen,0
48,63015.2,0.0,0.0,50.0,Berlin,0
45,44514.71,0.0,1.0,37.0,Berlin,0
33,20924.69,0.0,1.0,36.0,Baden-Württemberg,0
62,77172.35,0.0,1.0,36.0,Baden-Württemberg,0
67,68054.56,0.0,0.0,40.0,Niedersachsen,0
46,57346.44,0.0,1.0,32.0,Hamburg,0
52,74487.89,0.0,1.0,41.0,Bayern,0
46,54308.49,0.0,1.0,32.0,Brandenburg,0
48,68669.4,0.0,1.0,41.0,Niedersachsen,0
54,70603.64,0.0,1.0,13.0,Sachsen,0
44,46191.88,0.0,1.0,45.0,Baden-Württemberg,0
63,66297.53,0.0,0.0,43.0,Niedersachsen,0
47,46132.95,0.0,1.0,38.0,Nordrhein-Westfalen,0
35,55240.05,0.0,0.0,24.0,Nordrhein-Westfalen,0
66,78220.58,0.0,0.0,41.0,Sachsen,0
52,67495.8,0.0,1.0,25.0,Nordrhein-Westfalen,0
36,48519.27,0.0,1.0,30.0,Baden-Württemberg,0
33,44999.02,0.0,0.0,18.0,Baden-Württemberg,0
54,49679.67,0.0,0.0,24.0,Sachsen,0
45,51504.43,0.0,1.0,50.0,Baden-Württemberg,0
40,57367.43,0.0,1.0,31.0,Baden-Württemberg,0
61,80750.62,0.0,0.0,24.0,Sachsen,0
57,63456.63,0.0,0.0,45.0,Bayern,0
52,45802.03,0.0,1.0,25.0,Baden-Württemberg,0
53,58520.52,0.0,0.0,20.0,Brandenburg,0
51,56254.2,0.0,0.0,17.0,Berlin,0
68,77479.77,0.0,0.0,45.0,Baden-Württemberg,0
68,80288.2,0.0,1.0,19.0,Brandenburg,0
42,37936.98,0.0,0.0,30.0,Sachsen,0
57,50221.96,0.0,1.0,47.0,Bayern,0
38,48379.32,0.0,1.0,43.0,Thüringen,0
69,98029.0,0.0,1.0,37.0,Bayern,0
66,82388.16,0.0,0.0,34.0,Hessen,0
53,69200.65,0.0,0.0,25.0,Berlin,0
54,59334.77,0.0,0.0,34.0,Baden-Württemberg,0
46,49472.26,0.0,1.0,36.0,Bayern,0
50,61480.98,0.0,1.0,44.0,Baden-Württemberg,0
33,54044.93,0.0,0.0,30.0,Bayern,0
50,66940.79,0.0,0.0,32.0,Thüringen,0
65,74982.31,0.0,0.0,27.0,Hessen,0
65,62675.6,0.0,1.0,33.0,Baden-Württemberg,0
65,85235.07,0.0,1.0,44.0,Nordrhein-Westfalen,0
39,23109.88,0.0,1.0,39.0,Sachsen,0
48,55111.17,0.0,1.0,31.0,Nordrhein-Westfalen,0
64,74797.72,0.0,0.0,28.0,Niedersachsen,0
63,66343.41,0.0,1.0,53.0,Baden-Württemberg,0
50,58484.54,0.0,1.0,40.0,Thüringen,0
66,88621.24,0.0,0.0,44.0,Hessen,0
36,30932.05,0.0,0.0,43.0,Baden-Württemberg,0
64,70306.35,0.0,1.0,36.0,Berlin,0
53,49633.95,0.0,1.0,30.0,Nordrhein-Westfalen,0
66,69331.45,0.0,0.0,32.0,Baden-Württemberg,0
37,51799.46,0.0,0.0,40.0,Baden-Württemberg,0
38,51013.22,0.0,1.0,49.0,Nordrhein-Westfalen,0
60,77364.77,0.0,0.0,34.0,Bayern,0
62,69519.57,0.0,0.0,31.0,Sachsen,0
40,52774.29,0.0,0.0,41.0,Hessen,0
56,70615.55,0.0,0.0,15.0,Brandenburg,0
39,43354.5,0.0,0.0,28.0,Bayern,0
68,89005.39,0.0,0.0,22.0,Baden-Württemberg,0
35,39196.71,0.0,1.0,26.0,Bayern,0
58,74550.62,0.0,0.0,32.0,Niedersachsen,0
65,83198.24,0.0,1.0,47.0,Berlin,0
33,45748.43,0.0,1.0,55.0,Niedersachsen,0
47,79607.67,0.0,1.0,47.0,Berlin,0
47,59352.78,0.0,1.0,14.0,Baden-Württemberg,0
60,55814.8,0.0,1.0,27.0,Baden-Württemberg,0
52,66108.25,0.0,1.0,41.0,Thüringen,0
69,85175.92,0.0,1.0,31.0,Nordrhein-Westfalen,0
42,54182.12,0.0,1.0,26.0,Nordrhein-Westfalen,0
44,52096.75,0.0,1.0,45.0,Nordrhein-Westfalen,0
55,88482.68,0.0,1.0,26.0,Berlin,0
56,83787.01,0.0,0.0,27.0,Niedersachsen,0
40,38822.67,0.0,0.0,18.0,Berlin,0
56,66000.86,0.0,0.0,32.0,Berlin,0
52,33297.76,0.0,0.0,18.0,Nordrhein-Westfalen,0
65,68211.38,0.0,1.0,20.0,Berlin,0
37,50176.78,0.0,1.0,31.0,Bayern,0
38,48780.18,0.0,1.0,18.0,Niedersachsen,0
37,41519.4,0.0,1.0,33.0,Bayern,0
36,50243.04,0.0,1.0,48.0,Nordrhein-Westfalen,0
31,26018.93,0.0,0.0,32.0,Baden-Württemberg,0
38,44672.54,0.0,0.0,36.0,Bayern,0
44,50981.53,0.0,0.0,21.0,Sachsen,0
59,70012.56,0.0,1.0,39.0,Baden-Württemberg,0
38,29787.61,0.0,1.0,47.0,Hamburg,0
33,35350.73,0.0,1.0,24.0,Hessen,0
63,60561.81,0.0,1.0,38.0,Bayern,0
49,58250.25,0.0,1.0,25.0,Baden-Württemberg,0
47,56933.67,0.0,1.0,42.0,Baden-Württemberg,0
51,54872.34,0.0,0.0,40.0,Bayern,0
64,85441.93,0.0,0.0,42.0,Sachsen,0
60,67965.91,0.0,1.0,29.0,Bayern,0
48,48300.49,0.0,1.0,28.0,Baden-Württemberg,0
63,86198.61,0.0,0.0,32.0,Nordrhein-Westfalen,0
54,53806.65,0.0,0.0,37.0,Sachsen,0
57,78842.38,0.0,0.0,24.0,Berlin,0
68,86965.52,0.0,0.0,15.0,Berlin,0
47,50383.0,0.0,1.0,35.0,Baden-Württemberg,0
31,10802.03,0.0,1.0,25.0,Brandenburg,0
42,54815.06,0.0,0.0,34.0,Baden-Württemberg,0
57,60410.82,0.0,1.0,33.0,Baden-Württemberg,0
42,49912.51,0.0,1.0,26.0,Sachsen,0
48,51462.33,0.0,1.0,20.0,Niedersachsen,0
64,67482.49,0.0,1.0,10.0,Bayern,0
40,59391.91,0.0,0.0,37.0,Brandenburg,0
58,71796.78,0.0,1.0,26.0,Berlin,0
64,85476.75,0.0,1.0,27.0,Hamburg,0
67,94337.55,0.0,1.0,27.0,Hessen,0
57,52369.61,0.0,1.0,42.0,Thüringen,0
63,71786.87,0.0,1.0,40.0,Bayern,0
40,39209.65,0.0,0.0,43.0,Sachsen,0
41,50331.8,0.0,0.0,48.0,Niedersachsen,0
33,47738.8,0.0,1.0,47.0,Baden-Württemberg,0
57,51230.94,0.0,1.0,28.0,Sachsen,0
62,64399.17,0.0,0.0,18.0,Berlin,0
67,71626.53,0.0,1.0,29.0,Bayern,0
35,50926.49,0.0,1.0,35.0,Sachsen,0
51,66518.31,0.0,1.0,22.0,Nordrhein-Westfalen,0
69,80266.52,0.0,1.0,36.0,Niedersachsen,0
46,42528.58,0.0,0.0,44.0,Nordrhein-Westfalen,0
63,75258.59,0.0,0.0,50.0,Thüringen,0
44,50005.0,0.0,0.0,23.0,Bayern,0
39,35225.3,0.0,0.0,48.0,Niedersachsen,0
33,24242.6,0.0,1.0,42.0,Berlin,0
42,54485.35,0.0,1.0,33.0,Bayern,0
65,81926.5,0.0,1.0,48.0,Bayern,0
40,51957.05,0.0,1.0,16.0,Sachsen,0
36,47469.13,0.0,1.0,18.0,Bayern,0
38,50640.42,0.0,1.0,28.0,Bayern,0
51,55860.34,0.0,1.0,44.0,Baden-Württemberg,0
66,68505.93,0.0,0.0,37.0,Bayern,0
33,31654.71,0.0,1.0,31.0,Bayern,0
44,54025.6,0.0,1.0,30.0,Nordrhein-Westfalen,0
47,61371.86,0.0,1.0,42.0,Bayern,0
33,37067.78,0.0,1.0,47.0,Nordrhein-Westfalen,0
58,62171.39,0.0,1.0,26.0,Baden-Württemberg,0
67,76785.42,0.0,1.0,15.0,Hessen,0
40,35558.52,0.0,0.0,31.0,Baden-Württemberg,0
32,20329.57,0.0,1.0,30.0,Bayern,0
30,29694.37,0.0,1.0,30.0,Niedersachsen,0
39,63156.46,0.0,1.0,41.0,Berlin,0
59,71024.58,0.0,0.0,28.0,Hessen,0
51,70533.44,0.0,1.0,7.0,Baden-Württemberg,0
67,86403.29,0.0,1.0,29.0,Hessen,0
47,67161.18,0.0,1.0,36.0,Berlin,0
31,54066.71,0.0,0.0,45.0,Bayern,0
36,29204.05,0.0,0.0,27.0,Bayern,0
40,59102.58,0.0,0.0,29.0,Bayern,0
69,78816.43,0.0,0.0,61.0,Nordrhein-Westfalen,0
69,79027.08,0.0,1.0,24.0,Berlin,0
38,66319.92,0.0,0.0,43.0,Baden-Württemberg,0
51,71227.26,0.0,1.0,33.0,Hessen,0
31,35916.95,0.0,1.0,34.0,Bayern,0
38,44788.12,0.0,1.0,22.0,Sachsen,0
65,73604.97,0.0,1.0,45.0,Berlin,0
66,65216.98,0.0,1.0,13.0,Baden-Württemberg,0
53,58268.38,0.0,0.0,57.0,Niedersachsen,0
66,81322.78,0.0,1.0,42.0,Thüringen,0
52,59034.5,0.0,0.0,22.0,Berlin,0
46,54677.39,0.0,0.0,37.0,Thüringen,0
44,49839.08,0.0,1.0,31.0,Baden-Württemberg,0
53,70483.68,0.0,1.0,18.0,Baden-Württemberg,0
70,86136.19,0.0,0.0,39.0,Baden-Württemberg,0
41,46277.31,0.0,1.0,14.0,Bayern,0
58,83377.64,0.0,1.0,25.0,Nordrhein-Westfalen,0
43,38133.97,0.0,0.0,27.0,Baden-Württemberg,0
43,61618.75,0.0,1.0,24.0,Bayern,0
52,66931.63,0.0,1.0,26.0,Baden-Württemberg,0
66,82714.6,0.0,0.0,16.0,Nordrhein-Westfalen,0
40,49390.74,0.0,1.0,51.0,Nordrhein-Westfalen,0
38,46307.32,0.0,1.0,33.0,Hessen,0
57,84130.84,0.0,1.0,56.0,Nordrhein-Westfalen,0
61,61255.99,0.0,0.0,22.0,Niedersachsen,0
66,64549.9,0.0,1.0,26.0,Sachsen,0
37,37026.7,0.0,0.0,52.0,Thüringen,0
37,41986.48,0.0,0.0,42.0,Bayern,0
58,63296.69,0.0,1.0,17.0,Baden-Württemberg,0
51,67323.15,0.0,0.0,46.0,Berlin,0
55,63084.95,0.0,0.0,34.0,Baden-Württemberg,0
66,84640.63,0.0,1.0,34.0,Berlin,0
57,81289.88,0.0,0.0,31.0,Berlin,0
35,44388.75,0.0,1.0,30.0,Baden-Württemberg,0
43,49717.8,0.0,1.0,46.0,Niedersachsen,0
35,41206.23,0.0,0.0,39.0,Sachsen,0
62,72706.65,0.0,0.0,50.0,Nordrhein-Westfalen,0
54,72310.2,0.0,1.0,35.0,Berlin,0
60,74192.86,0.0,1.0,25.0,Berlin,0
31,40364.83,0.0,0.0,20.0,Niedersachsen,0
62,77712.61,0.0,0.0,29.0,Hessen,0
55,66068.48,0.0,1.0,35.0,Hessen,0
69,78275.29,0.0,1.0,30.0,Thüringen,0
65,75316.25,0.0,1.0,43.0,Nordrhein-Westfalen,0
56,58982.67,0.0,1.0,16.0,Bayern,0
38,46195.15,0.0,1.0,26.0,Bayern,0
70,69727.41,0.0,1.0,35.0,Brandenburg,0
66,79151.83,0.0,1.0,35.0,Nordrhein-Westfalen,0
40,67881.4,0.0,0.0,41.0,Baden-Württemberg,0
47,52534.52,0.0,0.0,50.0,Berlin,0
36,41110.88,0.0,1.0,36.0,Baden-Württemberg,0
67,75807.66,0.0,1.0,46.0,Baden-Württemberg,0
40,39443.82,0.0,1.0,48.0,Niedersachsen,0
68,64541.88,0.0,0.0,31.0,Hessen,0
47,52745.13,0.0,0.0,24.0,Hamburg,0
30,31232.14,0.0,0.0,52.0,Nordrhein-Westfalen,0
70,83902.95,0.0,0.0,49.0,Niedersachsen,0
45,59679.66,0.0,0.0,25.0,Thüringen,0
32,28689.47,0.0,0.0,41.0,Sachsen,0
44,59093.2,0.0,1.0,34.0,Berlin,0
47,43409.22,0.0,0.0,32.0,Sachsen,0
62,77682.56,0.0,0.0,28.0,Nordrhein-Westfalen,0
42,34572.63,0.0,0.0,42.0,Niedersachsen,0
66,77908.29,0.0,1.0,41.0,Nordrhein-Westfalen,0
53,44536.67,0.0,1.0,36.0,Nordrhein-Westfalen,0
44,48650.04,0.0,1.0,45.0,Sachsen,0
46,52041.42,0.0,1.0,28.0,Bayern,0
62,85386.12,0.0,1.0,35.0,Baden-Württemberg,0
45,39956.12,0.0,1.0,34.0,Baden-Württemberg,0
55,70713.58,0.0,1.0,40.0,Berlin,0
30,42439.49,0.0,1.0,49.0,Berlin,0
53,55541.96,0.0,1.0,50.0,Sachsen,0
56,62958.24,0.0,1.0,28.0,Bayern,0
70,76890.75,0.0,1.0,37.0,Berlin,0
55,67803.2,0.0,1.0,39.0,Baden-Württemberg,0
32,47052.41,0.0,1.0,30.0,Nordrhein-Westfalen,0
59,70568.66,0.0,1.0,43.0,Bayern,0
38,31258.41,0.0,0.0,39.0,Berlin,0
38,42954.3,0.0,0.0,39.0,Baden-Württemberg,0
61,84321.03,0.0,1.0,44.0,Baden-Württemberg,0
46,60088.45,0.0,1.0,38.0,Bayern,0
46,71444.46,0.0,1.0,23.0,Niedersachsen,0
34,34255.88,0.0,1.0,34.0,Sachsen,0
47,50532.95,0.0,1.0,32.0,Brandenburg,0
63,79754.38,0.0,1.0,42.0,Nordrhein-Westfalen,0
57,58633.97,0.0,1.0,32.0,Thüringen,0
65,62351.09,0.0,0.0,40.0,Bayern,0
53,72003.35,0.0,0.0,34.0,Nordrhein-Westfalen,0
63,79995.43,0.0,1.0,23.0,Hessen,0
35,33793.85,0.0,1.0,41.0,Berlin,0
61,79736.85,0.0,1.0,31.0,Niedersachsen,0
69,98883.19,0.0,1.0,29.0,Hessen,0
68,92374.32,0.0,0.0,44.0,Baden-Württemberg,0
70,92238.95,0.0,1.0,38.0,Bayern,0
57,52972.58,0.0,0.0,47.0,Sachsen,0
36,47024.3,0.0,1.0,26.0,Baden-Württemberg,0
41,45176.52,0.0,0.0,33.0,Berlin,0
49,52713.56,0.0,0.0,43.0,Baden-Württemberg,0
50,43389.67,0.0,1.0,38.0,Niedersachsen,0
69,79689.65,0.0,1.0,51.0,Bayern,0
41,53765.36,0.0,0.0,21.0,Niedersachsen,0
49,57703.97,0.0,1.0,27.0,Berlin,0
65,73776.47,0.0,1.0,33.0,Niedersachsen,0
41,56806.22,0.0,1.0,32.0,Bayern,0
34,34204.32,0.0,1.0,43.0,Nordrhein-Westfalen,0
59,85332.23,0.0,1.0,21.0,Nordrhein-Westfalen,0
55,58756.75,0.0,1.0,34.0,Nordrhein-Westfalen,0
61,81435.3,0.0,1.0,40.0,Niedersachsen,0
39,63688.04,0.0,1.0,20.0,Berlin,0
51,46823.72,0.0,0.0,41.0,Bayern,0
50,67276.38,0.0,1.0,29.0,Hessen,0
45,70632.18,0.0,0.0,52.0,Sachsen,0
33,36719.1,0.0,1.0,35.0,Nordrhein-Westfalen,0
66,75021.35,0.0,1.0,27.0,Bayern,0
63,65737.35,0.0,0.0,49.0,Nordrhein-Westfalen,0
56,66606.82,0.0,1.0,15.0,Bayern,0
42,42036.49,0.0,1.0,36.0,Bayern,0
64,82889.73,0.0,0.0,44.0,Baden-Württemberg,0
55,55421.1,0.0,0.0,29.0,Niedersachsen,0
59,59731.07,0.0,0.0,30.0,Nordrhein-Westfalen,0
63,78072.77,0.0,1.0,30.0,Bayern,0
65,91807.01,0.0,1.0,45.0,Nordrhein-Westfalen,0
53,65662.15,0.0,1.0,48.0,Thüringen,0
36,29607.14,0.0,1.0,23.0,Bayern,0
56,70410.8,0.0,1.0,39.0,Bayern,0
47,63119.27,0.0,0.0,51.0,Bayern,0
42,44380.59,0.0,1.0,30.0,Bayern,0
56,71443.22,0.0,1.0,31.0,Bayern,0
66,66735.69,0.0,0.0,26.0,Nordrhein-Westfalen,0
30,40283.17,0.0,1.0,50.0,Baden-Württemberg,0
49,54140.6,0.0,1.0,29.0,Baden-Württemberg,0
33,36224.0,0.0,0.0,52.0,Baden-Württemberg,0
68,81230.95,0.0,0.0,46.0,Hessen,0
57,65786.37,0.0,1.0,43.0,Thüringen,0
43,59089.74,0.0,0.0,29.0,Sachsen,0
39,58806.42,0.0,1.0,55.0,Niedersachsen,0
68,80798.29,0.0,1.0,43.0,Nordrhein-Westfalen,0
36,38942.81,0.0,0.0,35.0,Nordrhein-Westfalen,0
36,46373.46,0.0,0.0,36.0,Bayern,0
42,57149.5,0.0,0.0,35.0,Hessen,0
42,52174.79,0.0,0.0,38.0,Bayern,0
42,46178.96,0.0,1.0,28.0,Hessen,0
34,26418.8,0.0,0.0,45.0,Sachsen,0
41,55038.3,0.0,1.0,41.0,Hessen,0
62,71314.98,0.0,0.0,37.0,Sachsen,0
33,49527.66,0.0,0.0,25.0,Baden-Württemberg,0
54,53583.85,0.0,0.0,39.0,Nordrhein-Westfalen,0
39,56179.02,0.0,1.0,29.0,Nordrhein-Westfalen,0
54,69210.98,0.0,1.0,40.0,Nordrhein-Westfalen,0
33,28556.82,0.0,1.0,52.0,Nordrhein-Westfalen,0
32,40946.28,0.0,0.0,28.0,Hessen,0
50,56452.5,0.0,1.0,37.0,Bayern,0
64,66775.56,0.0,1.0,11.0,Berlin,0
51,41344.51,0.0,0.0,24.0,Nordrhein-Westfalen,0
37,42547.27,0.0,1.0,45.0,Berlin,0
60,59341.45,0.0,1.0,46.0,Hessen,0
36,54638.64,0.0,0.0,31.0,Sachsen,0
69,71732.25,0.0,0.0,26.0,Hessen,0
47,41229.84,0.0,1.0,32.0,Nordrhein-Westfalen,0
42,52868.09,0.0,0.0,22.0,Baden-Württemberg,0
68,74031.33,0.0,0.0,41.0,Baden-Württemberg,0
33,44278.57,0.0,0.0,51.0,Nordrhein-Westfalen,0
54,71794.84,0.0,0.0,32.0,Berlin,0
62,78050.89,0.0,0.0,49.0,Baden-Württemberg,0
60,80978.82,0.0,1.0,28.0,Nordrhein-Westfalen,0
45,51056.51,0.0,1.0,33.0,Nordrhein-Westfalen,0
53,64432.7,0.0,1.0,41.0,Baden-Württemberg,0
48,62342.15,0.0,0.0,32.0,Niedersachsen,0
51,56363.69,0.0,0.0,35.0,Hamburg,0
63,72396.21,0.0,1.0,48.0,Niedersachsen,0
34,26142.98,0.0,0.0,50.0,Brandenburg,0
67,87205.9,0.0,1.0,47.0,Sachsen,0
58,65207.45,0.0,0.0,27.0,Baden-Württemberg,0
39,48650.33,0.0,1.0,45.0,Nordrhein-Westfalen,0
58,80403.6,0.0,1.0,25.0,Baden-Württemberg,0
62,68355.77,0.0,0.0,35.0,Thüringen,0
49,54754.53,0.0,1.0,44.0,Berlin,0
53,59447.26,0.0,1.0,48.0,Nordrhein-Westfalen,0
52,67687.35,0.0,1.0,47.0,Baden-Württemberg,0
41,43844.86,0.0,0.0,51.0,Niedersachsen,0
50,56874.93,0.0,1.0,32.0,Berlin,0
41,45205.48,0.0,1.0,26.0,Baden-Württemberg,0
56,66037.86,0.0,0.0,33.0,Berlin,0
58,70704.0,0.0,1.0,38.0,Hessen,0
32,57455.89,0.0,0.0,42.0,Niedersachsen,0
60,78010.02,0.0,0.0,40.0,Thüringen,0
54,54716.55,0.0,1.0,39.0,Sachsen,0
68,74173.37,0.0,1.0,41.0,Thüringen,0
45,56233.72,0.0,1.0,46.0,Bayern,0
63,72230.76,0.0,1.0,25.0,Nordrhein-Westfalen,0
63,68751.57,0.0,1.0,39.0,Baden-Württemberg,0
63,81446.36,0.0,0.0,12.0,Niedersachsen,0
52,63037.62,0.0,0.0,42.0,Baden-Württemberg,0
55,63242.91,0.0,1.0,35.0,Baden-Württemberg,0
36,49453.96,0.0,1.0,36.0,Baden-Württemberg,0
30,46530.32,0.0,1.0,45.0,Nordrhein-Westfalen,0
31,47601.83,0.0,1.0,29.0,Hamburg,0
69,78663.94,0.0,1.0,37.0,Niedersachsen,0
68,75303.56,0.0,0.0,27.0,Nordrhein-Westfalen,0
51,57040.85,0.0,1.0,38.0,Sachsen,0
45,44138.66,0.0,1.0,31.0,Bayern,0
49,50246.09,0.0,1.0,42.0,Sachsen,0
41,54152.49,0.0,0.0,15.0,Berlin,0
70,71511.58,0.0,0.0,47.0,Nordrhein-Westfalen,0
32,32659.51,0.0,1.0,27.0,Bayern,0
63,74905.16,0.0,1.0,35.0,Hessen,0
46,53575.61,0.0,0.0,54.0,Hessen,0
32,34848.44,0.0,0.0,24.0,Nordrhein-Westfalen,0
65,70533.06,0.0,1.0,38.0,Nordrhein-Westfalen,0
51,53267.39,0.0,1.0,53.0,Berlin,0
35,53193.86,0.0,0.0,33.0,Thüringen,0
41,64926.19,0.0,0.0,39.0,Hamburg,0
55,65102.4,0.0,0.0,22.0,Bayern,0
53,64075.21,0.0,0.0,36.0,Nordrhein-Westfalen,0
49,67290.6,0.0,0.0,30.0,Hessen,0
41,35323.88,0.0,1.0,24.0,Sachsen,0
59,63141.81,0.0,0.0,31.0,Sachsen,0
67,78936.72,0.0,1.0,34.0,Niedersachsen,0
51,76712.26,0.0,1.0,36.0,Baden-Württemberg,0
44,48523.86,0.0,1.0,54.0,Sachsen,0
37,41367.82,0.0,0.0,31.0,Nordrhein-Westfalen,0
64,68522.84,0.0,1.0,43.0,Sachsen,0
42,50054.07,0.0,1.0,36.0,Nordrhein-Westfalen,0
51,64923.25,0.0,1.0,39.0,Nordrhein-Westfalen,0
48,57701.19,0.0,1.0,22.0,Nordrhein-Westfalen,0
38,25073.67,0.0,0.0,44.0,Berlin,0
54,59813.59,0.0,0.0,39.0,Berlin,0
52,55752.8,0.0,1.0,42.0,Bayern,0
31,35492.79,0.0,1.0,39.0,Nordrhein-Westfalen,0
69,75983.22,0.0,0.0,47.0,Hessen,0
70,57964.51,0.0,1.0,20.0,Hessen,0
37,38361.79,0.0,0.0,25.0,Nordrhein-Westfalen,0
51,67445.38,0.0,0.0,38.0,Bayern,0
41,40291.76,0.0,1.0,40.0,Thüringen,0
45,34928.93,0.0,1.0,14.0,Bayern,0
69,95449.9,0.0,0.0,35.0,Berlin,0
30,44854.02,0.0,0.0,36.0,Hessen,0
60,74006.41,0.0,0.0,43.0,Bayern,0
67,92235.91,0.0,1.0,29.0,Bayern,0
54,81957.21,0.0,0.0,31.0,Berlin,0
31,31912.96,0.0,0.0,29.0,Bayern,0
67,100322.37,0.0,0.0,50.0,Bayern,0
47,56853.9,0.0,1.0,43.0,Bayern,0
35,33579.07,0.0,0.0,34.0,Baden-Württemberg,0
53,50242.76,0.0,0.0,32.0,Nordrhein-Westfalen,0
52,58522.3,0.0,0.0,36.0,Sachsen,0
35,35620.92,0.0,0.0,33.0,Bayern,0
58,68324.7,0.0,1.0,35.0,Bayern,0
44,64786.55,0.0,1.0,56.0,Baden-Württemberg,0
32,45043.61,0.0,0.0,17.0,Nordrhein-Westfalen,0
54,72200.31,0.0,1.0,33.0,Hessen,0
46,61880.0,0.0,0.0,40.0,Sachsen,0
70,97121.14,0.0,1.0,36.0,Baden-Württemberg,0
68,91036.08,0.0,1.0,40.0,Brandenburg,0
34,55437.45,0.0,0.0,41.0,Sachsen,0
70,67947.51,0.0,0.0,18.0,Bayern,0
68,67645.33,0.0,0.0,51.0,Berlin,0
52,71199.25,0.0,1.0,29.0,Berlin,0
34,31569.14,0.0,1.0,58.0,Baden-Württemberg,0
45,50681.69,0.0,1.0,41.0,Hessen,0
39,42755.06,0.0,1.0,30.0,Hessen,0
60,61876.05,0.0,0.0,20.0,Hessen,0
59,77392.45,0.0,1.0,44.0,Hessen,0
35,31305.75,0.0,1.0,27.0,Baden-Württemberg,0
66,76359.21,0.0,0.0,22.0,Sachsen,0
59,58008.72,0.0,1.0,35.0,Baden-Württemberg,0
31,41923.37,0.0,1.0,33.0,Nordrhein-Westfalen,0
33,37291.98,0.0,1.0,27.0,Bayern,0
64,80850.54,0.0,0.0,36.0,Baden-Württemberg,0
31,24167.81,0.0,1.0,41.0,Niedersachsen,0
46,47676.4,0.0,1.0,55.0,Bayern,0
39,40081.02,0.0,0.0,53.0,Nordrhein-Westfalen,0
63,84772.48,0.0,1.0,30.0,Nordrhein-Westfalen,0
30,21238.03,0.0,1.0,30.0,Berlin,0
54,53423.91,0.0,0.0,36.0,Hamburg,0
49,55265.13,0.0,1.0,57.0,Baden-Württemberg,0
65,79612.09,0.0,0.0,34.0,Hessen,0
40,41616.57,0.0,0.0,48.0,Nordrhein-Westfalen,0
30,54906.98,0.0,0.0,36.0,Nordrhein-Westfalen,0
67,67953.51,0.0,0.0,38.0,Niedersachsen,0
39,54069.63,0.0,1.0,42.0,Bayern,0
58,68239.82,0.0,1.0,38.0,Baden-Württemberg,0
39,47801.25,0.0,1.0,29.0,Baden-Württemberg,0
42,54451.39,0.0,0.0,17.0,Hessen,0
63,72872.41,0.0,1.0,32.0,Brandenburg,0
69,77933.08,0.0,1.0,43.0,Thüringen,0
39,39742.26,0.0,1.0,37.0,Niedersachsen,0
48,46968.11,0.0,1.0,16.0,Hessen,0
62,84204.71,0.0,1.0,68.0,Bayern,0
59,64971.4,0.0,1.0,29.0,Sachsen,0
30,25293.09,0.0,1.0,37.0,Sachsen,0
48,57289.9,0.0,0.0,16.0,Nordrhein-Westfalen,0
47,53602.48,0.0,1.0,33.0,Nordrhein-Westfalen,0
62,70856.65,0.0,1.0,40.0,Berlin,0
45,65988.52,0.0,1.0,55.0,Sachsen,0
61,43123.9,0.0,1.0,46.0,Baden-Württemberg,0
42,41050.16,0.0,1.0,27.0,Baden-Württemberg,0
53,61112.06,0.0,0.0,20.0,Baden-Württemberg,0
70,79595.02,0.0,1.0,51.0,Thüringen,0
66,76115.95,0.0,0.0,59.0,Bayern,0
38,29634.42,0.0,1.0,42.0,Baden-Württemberg,0
61,62738.78,0.0,1.0,27.0,Niedersachsen,0
68,94379.27,0.0,1.0,35.0,Niedersachsen,0
42,67920.23,0.0,1.0,48.0,Berlin,0
37,39083.36,0.0,1.0,33.0,Baden-Württemberg,0
65,77272.17,0.0,1.0,41.0,Berlin,0
50,62488.35,0.0,1.0,12.0,Berlin,0
53,59582.22,0.0,0.0,31.0,Hessen,0
69,64084.61,0.0,0.0,52.0,Bayern,0
57,50717.29,0.0,0.0,26.0,Nordrhein-Westfalen,0
62,80655.27,0.0,1.0,35.0,Sachsen,0
46,49160.78,0.0,0.0,39.0,Bayern,0
53,68336.2,0.0,1.0,33.0,Sachsen,0
58,49653.39,0.0,0.0,38.0,Nordrhein-Westfalen,0
56,72358.43,0.0,1.0,44.0,Thüringen,0
44,67182.05,0.0,0.0,38.0,Nordrhein-Westfalen,0
39,50353.63,0.0,0.0,41.0,Hessen,0
36,48307.1,0.0,1.0,16.0,Baden-Württemberg,0
31,28227.62,0.0,1.0,33.0,Baden-Württemberg,0
59,71174.38,0.0,1.0,49.0,Hessen,0
43,59150.94,0.0,0.0,31.0,Thüringen,0
30,40098.98,0.0,0.0,40.0,Sachsen,0
59,61744.01,0.0,1.0,27.0,Thüringen,0
49,64640.81,0.0,1.0,38.0,Brandenburg,0
48,57581.12,0.0,0.0,57.0,Baden-Württemberg,0
61,71947.51,0.0,1.0,33.0,Baden-Württemberg,0
37,57751.77,0.0,1.0,24.0,Baden-Württemberg,0
56,59483.17,0.0,0.0,53.0,Baden-Württemberg,0
68,82507.0,0.0,1.0,24.0,Sachsen,0
65,77623.56,0.0,0.0,41.0,Bayern,0
35,55165.48,0.0,0.0,16.0,Nordrhein-Westfalen,0
60,70843.41,0.0,0.0,33.0,Baden-Württemberg,0
58,68875.22,0.0,1.0,36.0,Nordrhein-Westfalen,0
60,68566.29,0.0,1.0,20.0,Berlin,0
42,54737.69,0.0,0.0,37.0,Berlin,0
68,84266.91,0.0,1.0,43.0,Berlin,0
47,68475.48,0.0,0.0,50.0,Berlin,0
45,47805.5,0.0,0.0,36.0,Berlin,0
68,68468.4,0.0,0.0,43.0,Baden-Württemberg,0
50,61399.94,0.0,0.0,16.0,Niedersachsen,0
62,80040.16,0.0,0.0,36.0,Nordrhein-Westfalen,0
36,62517.51,0.0,0.0,35.0,Nordrhein-Westfalen,0
54,65103.66,0.0,0.0,37.0,Niedersachsen,0
65,72026.05,0.0,0.0,26.0,Sachsen,0
50,38912.23,0.0,1.0,34.0,Berlin,0
31,39505.52,0.0,1.0,15.0,Hessen,0
35,33126.92,0.0,1.0,23.0,Brandenburg,0
57,60794.36,0.0,0.0,32.0,Bayern,0
58,58019.17,0.0,1.0,42.0,Baden-Württemberg,0
50,54638.11,0.0,1.0,45.0,Sachsen,0
54,69123.41,0.0,0.0,56.0,Thüringen,0
55,69613.53,0.0,1.0,46.0,Baden-Württemberg,0
44,49444.37,0.0,1.0,27.0,Baden-Württemberg,0
42,50762.75,0.0,1.0,14.0,Brandenburg,0
39,41453.37,0.0,0.0,40.0,Niedersachsen,0
35,51809.93,0.0,1.0,49.0,Baden-Württemberg,0
38,56413.98,0.0,0.0,43.0,Bayern,0
67,71829.76,0.0,1.0,23.0,Baden-Württemberg,0
67,64683.27,0.0,0.0,22.0,Berlin,0
38,60883.5,0.0,1.0,41.0,Thüringen,0
56,82205.14,0.0,0.0,43.0,Hamburg,0
44,47045.73,0.0,1.0,38.0,Nordrhein-Westfalen,0
48,84746.79,0.0,1.0,36.0,Bayern,0
36,43538.46,0.0,1.0,26.0,Hessen,0
57,72995.73,0.0,1.0,43.0,Niedersachsen,0
48,70707.74,0.0,1.0,35.0,Sachsen,0
42,48260.29,0.0,0.0,41.0,Sachsen,0
56,76155.67,0.0,1.0,29.0,Baden-Württemberg,0
40,26846.54,0.0,1.0,41.0,Bayern,0
60,76138.01,0.0,0.0,36.0,Sachsen,0
63,66691.27,0.0,1.0,52.0,Bayern,0
35,35044.7,0.0,1.0,47.0,Sachsen,0
47,55621.02,0.0,0.0,35.0,Baden-Württemberg,0
60,67687.57,0.0,1.0,33.0,Hessen,0
68,70848.87,0.0,1.0,33.0,Brandenburg,0
53,79245.22,0.0,1.0,31.0,Bayern,0
55,58431.49,0.0,1.0,46.0,Nordrhein-Westfalen,0
63,74594.05,0.0,0.0,28.0,Niedersachsen,0
30,44635.68,0.0,0.0,32.0,Berlin,0
41,49170.38,0.0,1.0,36.0,Baden-Württemberg,0
68,78649.11,0.0,0.0,37.0,Nordrhein-Westfalen,0
31,43375.75,0.0,1.0,38.0,Thüringen,0
44,68126.65,0.0,0.0,24.0,Bayern,0
44,55445.95,0.0,0.0,45.0,Bayern,0
66,79203.83,0.0,1.0,37.0,Sachsen,0
39,59913.35,0.0,0.0,29.0,Bayern,0
39,51488.13,0.0,0.0,14.0,Bayern,0
43,53219.97,0.0,1.0,40.0,Brandenburg,0
50,50945.52,0.0,0.0,45.0,Baden-Württemberg,0
45,52765.76,0.0,0.0,42.0,Hamburg,0
53,53443.31,0.0,1.0,39.0,Nordrhein-Westfalen,0
35,31856.08,0.0,1.0,56.0,Nordrhein-Westfalen,0
47,49585.99,0.0,1.0,42.0,Bayern,0
49,63443.37,0.0,1.0,32.0,Baden-Württemberg,0
41,49634.23,0.0,1.0,65.0,Berlin,0
30,31802.09,0.0,1.0,38.0,Hessen,0
58,52544.55,0.0,1.0,16.0,Niedersachsen,0
31,34124.06,0.0,1.0,33.0,Sachsen,0
30,58746.83,0.0,1.0,32.0,Bayern,0
34,50643.74,0.0,0.0,29.0,Bayern,0
62,63231.82,0.0,1.0,35.0,Hessen,0
34,45507.99,0.0,1.0,39.0,Nordrhein-Westfalen,0
59,85252.0,0.0,1.0,26.0,Berlin,0
39,50013.89,0.0,1.0,31.0,Nordrhein-Westfalen,0
36,43526.39,0.0,1.0,46.0,Sachsen,0
62,59572.99,0.0,1.0,18.0,Baden-Württemberg,0
55,62382.86,0.0,1.0,41.0,Nordrhein-Westfalen,0
48,59163.82,0.0,0.0,41.0,Berlin,0
50,73917.25,0.0,1.0,52.0,Bayern,0
46,63048.01,0.0,1.0,31.0,Berlin,0
57,54319.92,0.0,1.0,53.0,Brandenburg,0
38,45342.45,0.0,1.0,40.0,Berlin,0
52,68579.74,0.0,0.0,24.0,Berlin,0
43,60901.04,0.0,0.0,52.0,Hessen,0
48,65433.98,0.0,0.0,36.0,Sachsen,0
57,64092.32,0.0,1.0,36.0,Nordrhein-Westfalen,0
54,74220.58,0.0,1.0,45.0,Nordrhein-Westfalen,0
59,56608.27,0.0,1.0,49.0,Bayern,0
58,78517.61,0.0,1.0,24.0,Baden-Württemberg,0
40,49709.41,0.0,1.0,20.0,Thüringen,0
32,36992.28,0.0,1.0,26.0,Hamburg,0
66,67550.85,0.0,1.0,18.0,Sachsen,0
56,66602.0,0.0,1.0,55.0,Thüringen,0
35,48822.83,0.0,0.0,21.0,Baden-Württemberg,0
35,50251.18,0.0,0.0,39.0,Nordrhein-Westfalen,0
46,44087.58,0.0,1.0,32.0,Nordrhein-Westfalen,0
69,84659.69,0.0,0.0,32.0,Baden-Württemberg,0
38,46151.09,0.0,1.0,18.0,Niedersachsen,0
39,56023.57,0.0,1.0,59.0,Baden-Württemberg,0
43,53592.01,0.0,0.0,31.0,Nordrhein-Westfalen,0
36,46292.65,0.0,1.0,42.0,Baden-Württemberg,0
51,53493.22,0.0,0.0,57.0,Niedersachsen,0
47,63291.36,0.0,1.0,46.0,Baden-Württemberg,0
62,74418.18,0.0,0.0,30.0,Bayern,0
62,80098.84,0.0,1.0,37.0,Sachsen,0
36,22706.33,0.0,0.0,35.0,Baden-Württemberg,0
64,80694.14,0.0,0.0,20.0,Baden-Württemberg,0
57,69354.04,0.0,1.0,51.0,Thüringen,0
34,37661.69,0.0,1.0,28.0,Bayern,0
49,70657.9,0.0,0.0,47.0,Nordrhein-Westfalen,0
68,82209.9,0.0,0.0,36.0,Nordrhein-Westfalen,0
49,67813.53,0.0,0.0,44.0,Niedersachsen,0
69,69862.2,0.0,1.0,44.0,Hessen,0
57,68849.42,0.0,0.0,30.0,Berlin,0
58,64187.77,0.0,0.0,42.0,Bayern,0
59,63241.9,0.0,1.0,33.0,Berlin,0
58,81205.21,0.0,1.0,46.0,Hessen,0
42,48307.88,0.0,1.0,41.0,Berlin,0
41,51201.01,0.0,1.0,28.0,Berlin,0
38,60020.88,0.0,0.0,25.0,Niedersachsen,0
49,51392.5,0.0,0.0,40.0,Baden-Württemberg,0
68,75570.02,0.0,1.0,35.0,Berlin,0
58,74947.01,0.0,0.0,47.0,Nordrhein-Westfalen,0
53,65983.03,0.0,0.0,48.0,Baden-Württemberg,0
66,80806.38,0.0,1.0,22.0,Bayern,0
44,60135.62,0.0,1.0,50.0,Bayern,0
62,70449.09,0.0,0.0,24.0,Niedersachsen,0
70,87311.65,0.0,0.0,46.0,Berlin,0
51,43966.82,0.0,1.0,51.0,Nordrhein-Westfalen,0
40,50404.68,0.0,1.0,39.0,Baden-Württemberg,0
30,37308.87,0.0,0.0,30.0,Berlin,0
57,77750.95,0.0,0.0,25.0,Bayern,0
39,45047.55,0.0,0.0,28.0,Nordrhein-Westfalen,0
34,33066.52,0.0,0.0,34.0,Baden-Württemberg,0
58,57893.55,0.0,1.0,38.0,Hessen,0
60,63515.36,0.0,1.0,44.0,Nordrhein-Westfalen,0
62,77583.36,0.0,0.0,18.0,Berlin,0
56,41843.15,0.0,0.0,40.0,Berlin,0
30,40182.21,0.0,0.0,32.0,Nordrhein-Westfalen,0
47,58432.85,0.0,0.0,22.0,Baden-Württemberg,0
66,77161.38,0.0,0.0,15.0,Baden-Württemberg,0
38,47188.89,0.0,0.0,41.0,Bayern,0
41,49550.97,0.0,0.0,31.0,Baden-Württemberg,0
30,30096.84,0.0,0.0,8.0,Thüringen,0
45,48971.42,0.0,0.0,55.0,Nordrhein-Westfalen,0
42,35264.29,0.0,1.0,42.0,Baden-Württemberg,0
47,51429.79,0.0,0.0,24.0,Nordrhein-Westfalen,0
48,73148.25,0.0,1.0,40.0,Sachsen,0
51,69768.66,0.0,0.0,32.0,Hessen,0
46,66328.14,0.0,1.0,20.0,Berlin,0
70,66260.03,0.0,0.0,43.0,Nordrhein-Westfalen,0
45,50109.83,0.0,0.0,25.0,Baden-Württemberg,0
46,57509.97,0.0,1.0,43.0,Hamburg,0
58,69209.45,0.0,0.0,34.0,Nordrhein-Westfalen,0
67,81521.76,0.0,1.0,21.0,Baden-Württemberg,0
49,60350.98,0.0,1.0,35.0,Baden-Württemberg,0
42,53357.53,0.0,1.0,47.0,Berlin,0
56,61601.84,0.0,1.0,48.0,Bayern,0
62,65956.22,0.0,1.0,22.0,Berlin,0
30,45591.21,0.0,1.0,26.0,Hessen,0
48,43655.93,0.0,0.0,41.0,Nordrhein-Westfalen,0
59,56316.93,0.0,0.0,35.0,Niedersachsen,0
68,84969.41,0.0,1.0,24.0,Berlin,0
36,43724.72,0.0,1.0,43.0,Nordrhein-Westfalen,0
69,65999.38,0.0,0.0,44.0,Bayern,0
43,53630.87,0.0,1.0,54.0,Baden-Württemberg,0
63,81611.75,0.0,1.0,38.0,Hessen,0
34,43358.56,0.0,1.0,33.0,Berlin,0
52,54508.69,0.0,0.0,30.0,Nordrhein-Westfalen,0
53,68187.64,0.0,0.0,35.0,Baden-Württemberg,0
37,56717.59,0.0,0.0,40.0,Bayern,0
39,40996.11,0.0,1.0,28.0,Hessen,0
59,61880.0,0.0,0.0,35.0,Bayern,0
70,72700.32,0.0,1.0,48.0,Nordrhein-Westfalen,0
60,78633.97,0.0,0.0,41.0,Nordrhein-Westfalen,0
64,67710.18,0.0,1.0,43.0,Nordrhein-Westfalen,0
40,54688.48,0.0,1.0,43.0,Baden-Württemberg,0
36,49200.62,0.0,1.0,58.0,Berlin,0
43,37696.63,0.0,1.0,7.0,Niedersachsen,0
54,71635.44,0.0,1.0,46.0,Baden-Württemberg,0
64,59961.79,0.0,1.0,48.0,Hessen,0
41,38375.78,0.0,0.0,25.0,Thüringen,0
35,51044.09,0.0,1.0,21.0,Sachsen,0
40,54037.31,0.0,0.0,19.0,Nordrhein-Westfalen,0
46,65112.43,0.0,0.0,54.0,Bayern,0
70,69099.94,0.0,0.0,24.0,Sachsen,0
65,77311.97,0.0,0.0,28.0,Nordrhein-Westfalen,0
35,34180.68,0.0,1.0,26.0,Niedersachsen,0
52,66521.78,0.0,1.0,47.0,Nordrhein-Westfalen,0
34,34322.45,0.0,1.0,17.0,Sachsen,0
37,39509.39,0.0,0.0,34.0,Baden-Württemberg,0
40,55845.12,0.0,1.0,26.0,Berlin,0
63,78156.47,0.0,1.0,27.0,Nordrhein-Westfalen,0
35,47150.77,0.0,1.0,12.0,Berlin,0
31,26466.44,0.0,1.0,40.0,Thüringen,0
32,40776.02,0.0,1.0,13.0,Berlin,0
60,65588.4,0.0,0.0,38.0,Bayern,0
58,60418.97,0.0,1.0,55.0,Nordrhein-Westfalen,0
41,45567.3,0.0,0.0,35.0,Baden-Württemberg,0
32,35272.93,0.0,0.0,30.0,Nordrhein-Westfalen,0
46,70647.17,0.0,0.0,52.0,Bayern,0
57,77462.13,0.0,1.0,27.0,Bayern,0
60,54229.97,0.0,1.0,50.0,Hessen,0
30,42931.67,0.0,1.0,34.0,Nordrhein-Westfalen,0
36,44077.96,0.0,0.0,25.0,Nordrhein-Westfalen,0
30,52892.24,0.0,1.0,33.0,Baden-Württemberg,0
46,65676.47,0.0,1.0,20.0,Baden-Württemberg,0
52,49271.15,0.0,1.0,31.0,Niedersachsen,0
55,60312.34,0.0,1.0,26.0,Bayern,0
43,49469.83,0.0,1.0,31.0,Berlin,0
33,49675.88,0.0,0.0,36.0,Hamburg,0
63,60048.62,0.0,0.0,33.0,Berlin,0
65,86000.22,0.0,0.0,39.0,Bayern,0
67,85349.59,0.0,0.0,35.0,Baden-Württemberg,0
42,55437.14,0.0,0.0,37.0,Brandenburg,0
61,74660.13,0.0,1.0,36.0,Bayern,0
43,63300.07,0.0,0.0,44.0,Berlin,0
63,67502.37,0.0,1.0,32.0,Nordrhein-Westfalen,0
40,41373.85,0.0,0.0,50.0,Thüringen,0
39,41160.41,0.0,0.0,37.0,Baden-Württemberg,0
66,89744.99,0.0,0.0,37.0,Bayern,0
62,70988.45,0.0,0.0,38.0,Niedersachsen,0
60,62735.46,0.0,0.0,28.0,Baden-Württemberg,0
70,84240.32,0.0,1.0,30.0,Hamburg,0
46,64231.46,0.0,1.0,52.0,Bayern,0
47,55129.66,0.0,0.0,33.0,Bayern,0
43,59104.51,0.0,1.0,62.0,Niedersachsen,0
59,73522.01,0.0,1.0,26.0,Hamburg,0
51,46979.79,0.0,1.0,43.0,Hamburg,0
34,50082.23,0.0,1.0,19.0,Baden-Württemberg,0
49,61221.78,0.0,1.0,35.0,Nordrhein-Westfalen,0
57,74592.8,0.0,0.0,38.0,Sachsen,0
68,86843.34,0.0,1.0,28.0,Berlin,0
61,72725.19,0.0,1.0,28.0,Berlin,0
32,31562.65,0.0,1.0,52.0,Baden-Württemberg,0
37,44541.7,0.0,0.0,34.0,Niedersachsen,0
44,61848.47,0.0,1.0,22.0,Baden-Württemberg,0
53,64184.29,0.0,0.0,33.0,Brandenburg,0
41,41970.76,0.0,1.0,20.0,Hamburg,0
31,47827.72,0.0,1.0,20.0,Hessen,0
37,41292.54,0.0,0.0,33.0,Niedersachsen,0
32,34391.82,0.0,1.0,48.0,Hessen,0
41,68516.5,0.0,0.0,34.0,Sachsen,0
65,89685.33,0.0,0.0,23.0,Bayern,0
68,95714.31,0.0,0.0,32.0,Bayern,0
49,73319.19,0.0,0.0,27.0,Niedersachsen,0
